Bin.ID,eco,pre,time,GH,Spl_transporters,Species,size.x,Phylum,Class,Order,Family,Genus,GH_total_abundance,ABC_total_abundance,completeness,contamination,GC,lineage,N50,size.y,sample,ABC_GH_ratio
grassAmbDry1_bin.1.orig,Grass,Ambient,T2,163,6,s__,5124209,p__Bacteroidota,c__Bacteroidia,o__Cytophagales,Hymenobacteraceae,g__Hymenobacter,19,7,72.72,0,0.599,Bacteria,8092,5124209,grassAmbDry1,0.3684210526315789
grassAmbDry1_bin.10.strict,Grass,Ambient,T1,18,27,s__Halomonas sp017983445,3803326,p__Pseudomonadota,c__Gammaproteobacteria,o__Pseudomonadales,Halomonadaceae,g__Vreelandella,7,23,95.83,1.07,0.544,Gammaproteobacteria,18934,3803326,grassAmbDry1,3.2857142857142856
grassAmbDry1_bin.11.orig,Shrub,Reduced,T2,24,15,s__,3237013,p__Pseudomonadota,c__Gammaproteobacteria,o__Burkholderiales,Burkholderiaceae,g__Telluria,11,13,52.58,6.034,0.665,Bacteria,1844,3237013,grassAmbDry1,1.1818181818181819
grassAmbDry1_bin.12.orig,Grass,Reduced,T1,9,39,s__,2828624,p__Actinomycetota,c__Actinomycetes,o__Actinomycetales,Micrococcaceae,g__Nesterenkonia,8,26,96.16,2.771,0.635,Micrococcaceae,132917,2828624,grassAmbDry1,3.25
grassAmbDry1_bin.14.orig,Grass,Ambient,T2,55,51,s__,2448232,p__Actinomycetota,c__Actinomycetes,o__Actinomycetales,Beutenbergiaceae,g__Litorihabitans,13,22,51.57,0,0.734,Bacteria,4719,2448232,grassAmbDry1,1.6923076923076923
grassAmbDry1_bin.15.strict,Shrub,Ambient,T1,37,96,s__,4097949,p__Pseudomonadota,c__Gammaproteobacteria,o__Enterobacterales,Enterobacteriaceae,g__Erwinia,9,66,99.28,0.353,0.542,Enterobacteriaceae,56560,4097949,grassAmbDry1,7.333333333333333
grassAmbDry1_bin.16.orig,Grass,Reduced,T1,28,42,s__,2706311,p__Actinomycetota,c__Actinomycetes,o__Actinomycetales,Microbacteriaceae,g__Rhodoglobus,7,24,95.15,5.533,0.702,Actinomycetales,51251,2706311,grassAmbDry1,3.4285714285714284
grassAmbDry1_bin.17.orig,Grass,Ambient,T1,42,51,s__Clavibacter tessellarius,2783667,p__Actinomycetota,c__Actinomycetes,o__Actinomycetales,Microbacteriaceae,g__Clavibacter,11,25,75.62,4.814,0.742,Actinomycetales,10152,2783667,grassAmbDry1,2.272727272727273
grassAmbDry1_bin.18.strict,Grass,Reduced,T3,80,6,s__Pedobacter quisquiliarum,3005993,p__Bacteroidota,c__Bacteroidia,o__Sphingobacteriales,Sphingobacteriaceae,g__Pedobacter,17,8,78.83,2.488,0.452,Bacteroidetes,10115,3005993,grassAmbDry1,0.47058823529411764
grassAmbDry1_bin.19.orig,Grass,Ambient,T3,33,13,s__Methylobacterium sp008000895,4846694,p__Pseudomonadota,c__Alphaproteobacteria,o__Rhizobiales,Beijerinckiaceae,g__Methylobacterium,8,16,94.11,1.097,0.699,Rhizobiales,19328,4846694,grassAmbDry1,2
grassAmbDry1_bin.2.orig,Grass,Reduced,T1,37,10,s__,2181245,p__Actinomycetota,c__Actinomycetes,o__Actinomycetales,Microbacteriaceae,g__Arenivirga,11,18,51.19,1.754,0.73,Bacteria,4469,2181245,grassAmbDry1,1.6363636363636365
grassAmbDry1_bin.21.orig,Grass,Ambient,T1,29,21,s__,2164459,p__Actinomycetota,c__Actinomycetes,o__Actinomycetales,Microbacteriaceae,g__Frigoribacterium,12,21,58.55,8.851,0.738,Actinomycetales,14162,2164459,grassAmbDry1,1.75
grassAmbDry1_bin.3.orig,Grass,Ambient,T1,40,34,s__,2927666,p__Actinomycetota,c__Actinomycetes,o__Actinomycetales,Microbacteriaceae,g__Curtobacterium,17,21,61.69,3.508,0.723,Bacteria,15271,2927666,grassAmbDry1,1.2352941176470589
grassAmbDry1_bin.4.orig,Grass,Ambient,T2,69,112,s__,3980364,p__Actinomycetota,c__Actinomycetes,o__Actinomycetales,Kineococcaceae,g__Kineococcus,17,30,64.65,0,0.726,Bacteria,5950,3980364,grassAmbDry1,1.7647058823529411
grassAmbDry1_bin.5.orig,Grass,Ambient,T2,76,8,s__,2673679,p__Pseudomonadota,c__Alphaproteobacteria,o__Sphingomonadales,Sphingomonadaceae,g__Sphingomonas,15,12,59.28,2.631,0.689,Bacteria,3510,2673679,grassAmbDry1,0.8
grassAmbDry1_bin.6.orig,Grass,Ambient,T2,24,48,s__Pseudomonas_E lutea,4630132,p__Pseudomonadota,c__Gammaproteobacteria,o__Pseudomonadales,Pseudomonadaceae,g__Pseudomonas_E,5,34,89.32,3.054,0.604,Pseudomonadales,8693,4630132,grassAmbDry1,6.8
grassAmbDry1_bin.7.permissive,Grass,Ambient,T4,38,5,s__,2665156,p__Bacteroidota,c__Bacteroidia,o__Cytophagales,Spirosomataceae,g__Spirosoma,18,7,51.05,0.803,0.498,Cytophagales,1600,2665156,grassAmbDry1,0.3888888888888889
grassAmbDry1_bin.8.orig,Grass,Ambient,T3,49,62,s__,2574775,p__Actinomycetota,c__Actinomycetes,o__Actinomycetales,Microbacteriaceae,g__Okibacterium,16,36,52.36,7.552,0.693,Actinomycetales,2513,2574775,grassAmbDry1,2.25
grassAmbDry1_bin.9.strict,Shrub,Reduced,T1,23,49,s__Pantoea sp018842675,2315610,p__Pseudomonadota,c__Gammaproteobacteria,o__Enterobacterales,Enterobacteriaceae,g__Pantoea,7,38,52.05,2.291,0.528,Gammaproteobacteria,3938,2315610,grassAmbDry1,5.428571428571429
grassAmbDry2_bin.1.orig,Grass,Reduced,T4,63,1,s__,2518762,p__Pseudomonadota,c__Alphaproteobacteria,o__Sphingomonadales,Sphingomonadaceae,g__Sphingomonas,15,7,65.55,4.334,0.67,Sphingomonadales,5695,2518762,grassAmbDry2,0.4666666666666667
grassAmbDry2_bin.10.orig,Grass,Ambient,T2,25,61,s__,3208303,p__Pseudomonadota,c__Alphaproteobacteria,o__Rhizobiales,Rhizobiaceae,g__Aureimonas_A,7,27,65.51,0,0.676,Bacteria,12059,3208303,grassAmbDry2,3.857142857142857
grassAmbDry2_bin.15.orig,Grass,Ambient,T4,29,9,s__,3149176,p__Pseudomonadota,c__Alphaproteobacteria,o__Sphingomonadales,Sphingomonadaceae,g__Sphingomonas_I,5,6,71.5,0.904,0.671,Alphaproteobacteria,26906,3149176,grassAmbDry2,1.2
grassAmbDry2_bin.16.orig,Shrub,Reduced,T3,128,5,s__,3396820,p__Bacteroidota,c__Bacteroidia,o__Sphingobacteriales,Sphingobacteriaceae,g__Pedobacter,21,6,60.34,8.62,0.465,Bacteria,12239,3396820,grassAmbDry2,0.2857142857142857
grassAmbDry2_bin.17.orig,Grass,Ambient,T1,36,31,s__,2535826,p__Actinomycetota,c__Actinomycetes,o__Actinomycetales,Microbacteriaceae,g__Curtobacterium,13,18,73.85,3.06,0.725,Actinomycetales,17704,2535826,grassAmbDry2,1.3846153846153846
grassAmbDry2_bin.19.orig,Shrub,Ambient,T2,52,4,s__,2448508,p__Pseudomonadota,c__Alphaproteobacteria,o__Sphingomonadales,Sphingomonadaceae,g__Sphingomonas,13,10,56.56,4.163,0.665,Sphingomonadales,13037,2448508,grassAmbDry2,0.7692307692307693
grassAmbDry2_bin.2.orig,Grass,Ambient,T4,22,18,s__,3939262,p__Pseudomonadota,c__Alphaproteobacteria,o__Rhizobiales,Xanthobacteraceae,g__Tardiphaga,8,11,87.32,2.134,0.645,Bradyrhizobiaceae,17934,3939262,grassAmbDry2,1.375
grassAmbDry2_bin.20.orig,Grass,Ambient,T3,85,7,s__,3240006,p__Pseudomonadota,c__Alphaproteobacteria,o__Sphingomonadales,Sphingomonadaceae,g__Sphingomonas,18,12,84.95,1.84,0.702,Sphingomonadales,11972,3240006,grassAmbDry2,0.6666666666666666
grassAmbDry2_bin.22.orig,Grass,Ambient,T4,35,25,s__,2546719,p__Actinomycetota,c__Actinomycetes,o__Actinomycetales,Microbacteriaceae,g__Amnibacterium,12,19,83.65,4.213,0.737,Actinomycetales,8067,2546719,grassAmbDry2,1.5833333333333333
grassAmbDry2_bin.25.strict,Grass,Ambient,T4,41,9,s__,3169615,p__Bacteroidota,c__Bacteroidia,o__Cytophagales,Spirosomataceae,g__Spirosoma,13,10,52.96,1.045,0.491,Cytophagales,5441,3169615,grassAmbDry2,0.7692307692307693
grassAmbDry2_bin.26.orig,Shrub,Ambient,T4,31,30,s__,3409630,p__Pseudomonadota,c__Alphaproteobacteria,o__Acetobacterales,Acetobacteraceae,g__,12,20,74.7,1.243,0.688,Rhodospirillales,7932,3409630,grassAmbDry2,1.6666666666666667
grassAmbDry2_bin.27.orig,Grass,Ambient,T2,145,2,s__,5204765,p__Bacteroidota,c__Bacteroidia,o__Cytophagales,Hymenobacteraceae,g__Hymenobacter,18,5,56.19,1.724,0.591,Bacteria,9829,5204765,grassAmbDry2,0.2777777777777778
grassAmbDry2_bin.28.orig,Grass,Reduced,T4,83,7,s__Sphingomonas phyllosphaerae_B,3024740,p__Pseudomonadota,c__Alphaproteobacteria,o__Sphingomonadales,Sphingomonadaceae,g__Sphingomonas,18,12,81.3,6.251,0.676,Sphingomonadales,18364,3024740,grassAmbDry2,0.6666666666666666
grassAmbDry2_bin.29.permissive,Grass,Ambient,T3,156,3,s__,3847310,p__Bacteroidota,c__Bacteroidia,o__Chitinophagales,Chitinophagaceae,g__JAZKFT01,21,7,63.79,6.907,0.431,Bacteroidetes,2167,3847310,grassAmbDry2,0.3333333333333333
grassAmbDry2_bin.3.orig,Grass,Ambient,T4,73,8,s__,2688382,p__Pseudomonadota,c__Alphaproteobacteria,o__Sphingomonadales,Sphingomonadaceae,g__Sphingomonas,15,10,79.31,0,0.659,Bacteria,29995,2688382,grassAmbDry2,0.6666666666666666
grassAmbDry2_bin.30.strict,Grass,Ambient,T3,205,6,s__,4359309,p__Bacteroidota,c__Bacteroidia,o__Sphingobacteriales,Sphingobacteriaceae,g__Mucilaginibacter,22,4,66.72,5.172,0.434,Bacteria,11427,4359309,grassAmbDry2,0.18181818181818182
grassAmbDry2_bin.31.orig,Grass,Ambient,T3,28,49,s__Pseudomonas_E lutea,4789630,p__Pseudomonadota,c__Gammaproteobacteria,o__Pseudomonadales,Pseudomonadaceae,g__Pseudomonas_E,5,31,90.44,2.233,0.603,Pseudomonadales,10951,4789630,grassAmbDry2,6.2
grassAmbDry2_bin.32.orig,Grass,Ambient,T2,78,143,s__,4143743,p__Actinomycetota,c__Actinomycetes,o__Actinomycetales,Kineococcaceae,g__Kineococcus,15,36,73.81,5.639,0.726,Actinomycetales,8786,4143743,grassAmbDry2,2.4
grassAmbDry2_bin.34.orig,Grass,Ambient,T4,19,41,s__,2347420,p__Actinomycetota,c__Actinomycetes,o__Mycobacteriales,Geodermatophilaceae,g__Klenkia,6,19,56.56,0.393,0.748,Actinomycetales,3512,2347420,grassAmbDry2,3.1666666666666665
grassAmbDry2_bin.35.orig,Grass,Reduced,T4,52,45,s__,3004633,p__Actinomycetota,c__Actinomycetes,o__Actinomycetales,Kineococcaceae,g__Kineococcus,12,20,52.58,1.724,0.748,Bacteria,8625,3004633,grassAmbDry2,1.6666666666666667
grassAmbDry2_bin.36.orig,Grass,Ambient,T4,29,6,s__,2152338,p__Pseudomonadota,c__Alphaproteobacteria,o__Sphingomonadales,Sphingomonadaceae,g__Sphingomonas_I,13,3,72.8,1.357,0.642,Alphaproteobacteria,17388,2152338,grassAmbDry2,0.23076923076923078
grassAmbDry2_bin.37.orig,Grass,Reduced,T1,9,21,s__,1627744,p__Actinomycetota,c__Actinomycetes,o__Actinomycetales,Micrococcaceae,g__Nesterenkonia,5,12,51.14,3.286,0.641,Micrococcaceae,3062,1627744,grassAmbDry2,2.4
grassAmbDry2_bin.38.orig,Grass,Ambient,T3,109,47,s__,8190640,p__Myxococcota,c__Myxococcia,o__Myxococcales,Myxococcaceae,g__Cystobacter,21,25,89.09,1.935,0.703,Deltaproteobacteria,7190,8190640,grassAmbDry2,1.1904761904761905
grassAmbDry2_bin.39.orig,Grass,Reduced,T4,102,3,s__,5173563,p__Bacteroidota,c__Bacteroidia,o__Cytophagales,Hymenobacteraceae,g__Solirubrum,16,4,56.99,3.448,0.644,Bacteria,2750,5173563,grassAmbDry2,0.25
grassAmbDry2_bin.4.orig,Grass,Ambient,T3,36,11,s__Methylobacterium sp008000895,4889214,p__Pseudomonadota,c__Alphaproteobacteria,o__Rhizobiales,Beijerinckiaceae,g__Methylobacterium,8,14,86.2,7.025,0.699,Rhizobiales,20975,4889214,grassAmbDry2,1.75
grassAmbDry2_bin.40.orig,Grass,Ambient,T3,119,2,s__,3171039,p__Bacteroidota,c__Bacteroidia,o__Sphingobacteriales,Sphingobacteriaceae,g__Pedobacter,15,3,58.74,7.717,0.425,Bacteroidetes,1824,3171039,grassAmbDry2,0.2
grassAmbDry2_bin.5.orig,Grass,Ambient,T3,94,9,s__,3018690,p__Bacteroidota,c__Bacteroidia,o__Sphingobacteriales,Sphingobacteriaceae,g__Mucilaginibacter,17,4,50.74,2.586,0.405,Bacteria,6117,3018690,grassAmbDry2,0.23529411764705882
grassAmbDry2_bin.6.orig,Grass,Ambient,T3,39,39,s__Curtobacterium flaccumfaciens,2089584,p__Actinomycetota,c__Actinomycetes,o__Actinomycetales,Microbacteriaceae,g__Curtobacterium,17,15,51.93,6.224,0.714,Actinomycetales,3011,2089584,grassAmbDry2,0.8823529411764706
grassAmbDry2_bin.7.orig,Grass,Ambient,T4,32,41,s__,3220472,p__Actinomycetota,c__Actinomycetes,o__Propionibacteriales,Nocardioidaceae,g__Nocardioides,9,22,58.96,1.724,0.73,Bacteria,15100,3220472,grassAmbDry2,2.4444444444444446
grassAmbDry2_bin.9.strict,Grass,Reduced,T3,59,8,s__,2851570,p__Bacteroidota,c__Bacteroidia,o__Cytophagales,Spirosomataceae,g__Dyadobacter,15,8,50,0,0.447,Bacteria,3976,2851570,grassAmbDry2,0.5333333333333333
grassAmbWet1_bin.1.strict,Grass,Ambient,T2,212,9,s__,5806075,p__Bacteroidota,c__Bacteroidia,o__Sphingobacteriales,Sphingobacteriaceae,g__Mucilaginibacter,23,5,77.71,3.448,0.424,Bacteria,65291,5806075,grassAmbWet1,0.21739130434782608
grassAmbWet1_bin.12.strict,Grass,Reduced,T2,163,6,s__,6367739,p__Bacteroidota,c__Bacteroidia,o__Sphingobacteriales,Sphingobacteriaceae,g__Pedobacter,19,7,73.41,3.448,0.39,Bacteria,23548,6367739,grassAmbWet1,0.3684210526315789
grassAmbWet1_bin.13.orig,Grass,Ambient,T4,97,9,s__,3532275,p__Bacteroidota,c__Bacteroidia,o__Sphingobacteriales,Sphingobacteriaceae,g__Mucilaginibacter,18,2,84.25,1.238,0.469,Bacteroidetes,10133,3532275,grassAmbWet1,0.1111111111111111
grassAmbWet1_bin.14.orig,Grass,Reduced,T4,38,37,s__,2952704,p__Actinomycetota,c__Actinomycetes,o__Actinomycetales,Kineococcaceae,g__Kineococcus,10,19,51.89,3.448,0.755,Bacteria,5681,2952704,grassAmbWet1,1.9
grassAmbWet1_bin.16.orig,Grass,Reduced,T4,14,8,s__,2394242,p__Pseudomonadota,c__Alphaproteobacteria,o__Sphingomonadales,Sphingomonadaceae,g__JAQGLK01,6,4,51.12,3.448,0.666,Bacteria,4291,2394242,grassAmbWet1,0.6666666666666666
grassAmbWet1_bin.17.orig,Grass,Ambient,T2,150,3,s__,4796518,p__Bacteroidota,c__Bacteroidia,o__Sphingobacteriales,Sphingobacteriaceae,g__Pedobacter,18,5,93.75,0.358,0.415,Bacteroidetes,45639,4796518,grassAmbWet1,0.2777777777777778
grassAmbWet1_bin.18.strict,Grass,Ambient,T2,79,4,s__,3333328,p__Bacteroidota,c__Bacteroidia,o__Flavobacteriales,Flavobacteriaceae,g__Flavobacterium,18,4,90.8,0.53,0.427,Flavobacteriaceae,34060,3333328,grassAmbWet1,0.2222222222222222
grassAmbWet1_bin.19.orig,Grass,Ambient,T3,37,15,s__Methylobacterium sp008000895,5328666,p__Pseudomonadota,c__Alphaproteobacteria,o__Rhizobiales,Beijerinckiaceae,g__Methylobacterium,8,16,96.33,8.045,0.698,Rhizobiales,24212,5328666,grassAmbWet1,2
grassAmbWet1_bin.2.orig,Grass,Ambient,T3,27,18,s__Curtobacterium flaccumfaciens,1478495,p__Actinomycetota,c__Actinomycetes,o__Actinomycetales,Microbacteriaceae,g__Curtobacterium,9,12,50.09,6.751,0.713,Bacteria,2218,1478495,grassAmbWet1,1.3333333333333333
grassAmbWet1_bin.20.orig,Grass,Reduced,T2,24,69,s__Paracoccus marcusii,2866659,p__Pseudomonadota,c__Alphaproteobacteria,o__Rhodobacterales,Rhodobacteraceae,g__Paracoccus,7,37,82.72,3.409,0.683,Rhodobacteraceae,8200,2866659,grassAmbWet1,5.285714285714286
grassAmbWet1_bin.22.orig,Grass,Ambient,T4,23,44,s__,3025001,p__Actinomycetota,c__Actinomycetes,o__Mycobacteriales,Geodermatophilaceae,g__Klenkia,9,20,67.26,1.628,0.749,Actinomycetales,4263,3025001,grassAmbWet1,2.2222222222222223
grassAmbWet1_bin.23.orig,Grass,Ambient,T2,61,3,s__Chryseobacterium sp001421435,4102138,p__Bacteroidota,c__Bacteroidia,o__Flavobacteriales,Weeksellaceae,g__Chryseobacterium,16,7,100,0.245,0.397,Flavobacteriales,54433,4102138,grassAmbWet1,0.4375
grassAmbWet1_bin.24.orig,Grass,Ambient,T2,30,24,s__Roseomonas aerophila,5012640,p__Pseudomonadota,c__Alphaproteobacteria,o__Acetobacterales,Acetobacteraceae,g__Pseudoroseomonas,12,16,62.64,6.896,0.69,Bacteria,5534,5012640,grassAmbWet1,1.3333333333333333
grassAmbWet1_bin.26.orig,Grass,Ambient,T2,63,109,s__,4177423,p__Actinomycetota,c__Actinomycetes,o__Actinomycetales,Kineococcaceae,g__Kineococcus,16,31,81.92,2.072,0.728,Actinomycetales,16722,4177423,grassAmbWet1,1.9375
grassAmbWet1_bin.27.orig,Grass,Ambient,T2,25,56,s__,3286299,p__Pseudomonadota,c__Alphaproteobacteria,o__Rhizobiales,Rhizobiaceae,g__Aureimonas_A,6,26,69.82,0.862,0.676,Bacteria,10397,3286299,grassAmbWet1,4.333333333333333
grassAmbWet1_bin.28.orig,Shrub,Reduced,T2,16,21,s__,1524749,p__Pseudomonadota,c__Alphaproteobacteria,o__Rhodobacterales,Rhodobacteraceae,g__Falsirhodobacter,7,14,50.63,6.251,0.659,Rhodobacteraceae,3122,1524749,grassAmbWet1,2
grassAmbWet1_bin.29.orig,Grass,Ambient,T1,45,37,s__,2862502,p__Actinomycetota,c__Actinomycetes,o__Actinomycetales,Microbacteriaceae,g__Curtobacterium,16,23,56.65,1.754,0.724,Bacteria,23536,2862502,grassAmbWet1,1.4375
grassAmbWet1_bin.3.orig,Grass,Ambient,T2,114,9,s__,3768633,p__Bacteroidota,c__Bacteroidia,o__Sphingobacteriales,Sphingobacteriaceae,g__Mucilaginibacter,19,4,92.85,6.047,0.428,Bacteroidetes,26322,3768633,grassAmbWet1,0.21052631578947367
grassAmbWet1_bin.30.orig,Shrub,Reduced,T3,104,5,s__,2898672,p__Bacteroidota,c__Bacteroidia,o__Sphingobacteriales,Sphingobacteriaceae,g__Pedobacter,17,7,57.75,1.724,0.466,Bacteria,10063,2898672,grassAmbWet1,0.4117647058823529
grassAmbWet1_bin.32.strict,Grass,Ambient,T2,31,50,s__Neorhizobium soli,2983779,p__Pseudomonadota,c__Alphaproteobacteria,o__Rhizobiales,Rhizobiaceae,g__Neorhizobium,4,29,58.62,0,0.606,Bacteria,12123,2983779,grassAmbWet1,7.25
grassAmbWet1_bin.34.orig,Grass,Ambient,T1,25,21,s__Frigoribacterium sp000878135,2350728,p__Actinomycetota,c__Actinomycetes,o__Actinomycetales,Microbacteriaceae,g__Frigoribacterium,14,18,56.65,5.263,0.716,Bacteria,4808,2350728,grassAmbWet1,1.2857142857142858
grassAmbWet1_bin.35.orig,Grass,Ambient,T2,28,45,s__Pseudomonas_E lutea,4768503,p__Pseudomonadota,c__Gammaproteobacteria,o__Pseudomonadales,Pseudomonadaceae,g__Pseudomonas_E,5,29,93.53,2.048,0.604,Pseudomonadales,9229,4768503,grassAmbWet1,5.8
grassAmbWet1_bin.36.orig,Grass,Ambient,T3,80,8,s__,3370926,p__Pseudomonadota,c__Alphaproteobacteria,o__Sphingomonadales,Sphingomonadaceae,g__Sphingomonas,17,10,84.46,2.798,0.698,Sphingomonadales,9397,3370926,grassAmbWet1,0.5882352941176471
grassAmbWet1_bin.37.orig,Grass,Ambient,T2,74,77,s__,2738421,p__Actinomycetota,c__Actinomycetes,o__Actinomycetales,Microbacteriaceae,g__Microbacterium,14,35,88.42,1.322,0.712,Actinomycetales,32505,2738421,grassAmbWet1,2.5
grassAmbWet1_bin.39.orig,Grass,Ambient,T4,39,37,s__,2673533,p__Actinomycetota,c__Actinomycetes,o__Actinomycetales,Microbacteriaceae,g__Amnibacterium,9,16,74.71,7.786,0.737,Actinomycetales,5274,2673533,grassAmbWet1,1.7777777777777777
grassAmbWet1_bin.4.orig,Grass,Ambient,T2,109,5,s__,2848871,p__Bacteroidota,c__Bacteroidia,o__Sphingobacteriales,Sphingobacteriaceae,g__,20,2,50,0,0.435,Bacteria,2793,2848871,grassAmbWet1,0.1
grassAmbWet1_bin.41.strict,Grass,Reduced,T1,8,33,s__,2122906,p__Actinomycetota,c__Actinomycetes,o__Actinomycetales,Micrococcaceae,g__Nesterenkonia,8,24,72.41,1.212,0.637,Micrococcaceae,17103,2122906,grassAmbWet1,3
grassAmbWet1_bin.42.strict,Grass,Reduced,T1,11,26,s__,1905426,p__Actinomycetota,c__Actinomycetes,o__Actinomycetales,Micrococcaceae,g__Nesterenkonia,8,19,55.17,1.724,0.681,Bacteria,4941,1905426,grassAmbWet1,2.375
grassAmbWet1_bin.44.orig,Grass,Ambient,T3,28,66,s__,2387676,p__Pseudomonadota,c__Alphaproteobacteria,o__Rhizobiales,Rhizobiaceae,g__Neorhizobium,7,30,51.13,2.718,0.63,Rhizobiaceae,4547,2387676,grassAmbWet1,4.285714285714286
grassAmbWet1_bin.45.orig,Grass,Ambient,T2,82,2,s__,4751227,p__Bacteroidota,c__Bacteroidia,o__Cytophagales,Hymenobacteraceae,g__Hymenobacter,18,6,95.64,1.339,0.603,Cytophagales,26769,4751227,grassAmbWet1,0.3333333333333333
grassAmbWet1_bin.46.orig,Grass,Ambient,T1,31,19,s__,2068578,p__Actinomycetota,c__Actinomycetes,o__Actinomycetales,Microbacteriaceae,g__Frigoribacterium,13,21,53.84,3.801,0.74,Bacteria,12433,2068578,grassAmbWet1,1.6153846153846154
grassAmbWet1_bin.47.orig,Grass,Ambient,T4,27,7,s__,2114855,p__Pseudomonadota,c__Alphaproteobacteria,o__Sphingomonadales,Sphingomonadaceae,g__Sphingomonas_I,10,5,76.13,0.15,0.643,Alphaproteobacteria,41989,2114855,grassAmbWet1,0.5
grassAmbWet1_bin.49.orig,Grass,Reduced,T4,89,3,s__,3680981,p__Bacteroidota,c__Bacteroidia,o__Cytophagales,Hymenobacteraceae,g__Hymenobacter,19,5,59.24,2.742,0.544,Bacteria,2743,3680981,grassAmbWet1,0.2631578947368421
grassAmbWet1_bin.50.orig,Grass,Ambient,T2,60,57,s__,2550222,p__Actinomycetota,c__Actinomycetes,o__Actinomycetales,Beutenbergiaceae,g__Litorihabitans,14,24,69.68,0.726,0.731,Actinomycetales,16126,2550222,grassAmbWet1,1.7142857142857142
grassAmbWet1_bin.51.orig,Grass,Ambient,T2,79,7,s__,2707750,p__Pseudomonadota,c__Alphaproteobacteria,o__Sphingomonadales,Sphingomonadaceae,g__Sphingomonas,17,13,59.41,3.972,0.689,Sphingomonadales,4540,2707750,grassAmbWet1,0.7647058823529411
grassAmbWet1_bin.52.orig,Grass,Ambient,T1,28,27,s__Arthrobacter_D sp001187915,2189640,p__Actinomycetota,c__Actinomycetes,o__Actinomycetales,Micrococcaceae,g__Arthrobacter_D,11,21,67.24,0,0.708,Bacteria,11334,2189640,grassAmbWet1,1.9090909090909092
grassAmbWet1_bin.55.strict,Grass,Ambient,T4,62,6,s__,4348602,p__Bacteroidota,c__Bacteroidia,o__Cytophagales,Spirosomataceae,g__Spirosoma,14,5,57.19,2.518,0.487,Cytophagales,5783,4348602,grassAmbWet1,0.35714285714285715
grassAmbWet1_bin.6.permissive,Grass,Reduced,T2,55,2,s__,2507845,p__Bacteroidota,c__Bacteroidia,o__Flavobacteriales,Flavobacteriaceae,g__Flavobacterium,13,3,68.95,1.978,0.395,Flavobacteriaceae,5321,2507845,grassAmbWet1,0.23076923076923078
grassAmbWet1_bin.7.strict,Grass,Ambient,T2,104,6,s__,3938224,p__Bacteroidota,c__Bacteroidia,o__Sphingobacteriales,Sphingobacteriaceae,g__Pedobacter,18,9,73.27,0,0.443,Bacteria,30049,3938224,grassAmbWet1,0.5
grassAmbWet1_bin.8.orig,Grass,Reduced,T2,22,35,s__,3243733,p__Pseudomonadota,c__Gammaproteobacteria,o__Burkholderiales,Burkholderiaceae,g__Variovorax,5,12,68.53,4.616,0.71,Burkholderiales,4123,3243733,grassAmbWet1,2.4
grassAmbWet1_bin.9.orig,Grass,Reduced,T1,67,67,s__,3340784,p__Actinomycetota,c__Actinomycetes,o__Actinomycetales,Cellulomonadaceae,g__Sanguibacter,16,28,81.2,1.724,0.723,Bacteria,15892,3340784,grassAmbWet1,1.75
grassAmbWet2_bin.1.orig,Grass,Ambient,T4,30,27,s__,1678726,p__Actinomycetota,c__Actinomycetes,o__Actinomycetales,Microbacteriaceae,g__Amnibacterium,7,15,62.19,4.509,0.737,Actinomycetales,4960,1678726,grassAmbWet2,2.142857142857143
grassAmbWet2_bin.10.orig,Grass,Ambient,T4,48,6,s__,3758421,p__Bacteroidota,c__Bacteroidia,o__Cytophagales,Cytophagaceae,g__Cytophaga,14,3,96.63,0.357,0.403,Cytophagales,62287,3758421,grassAmbWet2,0.21428571428571427
grassAmbWet2_bin.11.orig,Grass,Ambient,T4,93,9,s__,2876533,p__Bacteroidota,c__Bacteroidia,o__Sphingobacteriales,Sphingobacteriaceae,g__Mucilaginibacter,19,8,58.77,3.448,0.42,Bacteria,4858,2876533,grassAmbWet2,0.42105263157894735
grassAmbWet2_bin.13.orig,Shrub,Ambient,T4,20,19,s__,3047600,p__Pseudomonadota,c__Gammaproteobacteria,o__Burkholderiales,Burkholderiaceae,g__Rhizobacter,6,12,50.86,0,0.684,Bacteria,7746,3047600,grassAmbWet2,2
grassAmbWet2_bin.15.strict,Grass,Ambient,T4,32,6,s__,29056320,p__Bacteroidota,c__Bacteroidia,o__B-17B0,B-17BO,g__Aurantibacillus,9,3,99.12,3.396,0.39,Bacteroidetes,92916,5288539,grassAmbWet2,0.3333333333333333
grassAmbWet2_bin.16.strict,Grass,Ambient,T2,128,5,s__,5288539,p__Bacteroidota,c__Bacteroidia,o__Cytophagales,Hymenobacteraceae,g__Hymenobacter,20,4,52.91,7.931,0.592,Bacteria,10441,5056646,grassAmbWet2,0.2
grassAmbWet2_bin.17.orig,Grass,Ambient,T4,114,6,s__,5056646,p__Bacteroidota,c__Bacteroidia,o__Sphingobacteriales,Sphingobacteriaceae,g__Pedobacter,22,6,89.89,2.578,0.394,Bacteroidetes,25922,4574869,grassAmbWet2,0.2727272727272727
grassAmbWet2_bin.18.orig,Grass,Ambient,T3,60,3,s__,4574869,p__Pseudomonadota,c__Alphaproteobacteria,o__Sphingomonadales,Sphingomonadaceae,g__Sphingomonas,18,12,77.16,2.145,0.704,Sphingomonadales,7153,2952736,grassAmbWet2,0.6666666666666666
grassAmbWet2_bin.20.orig,Grass,Ambient,T4,53,25,s__,2952736,p__Myxococcota,c__Polyangia,o__Polyangiales,Polyangiaceae,g__Labilithrix,17,12,91.08,2.903,0.712,Deltaproteobacteria,23974,7975310,grassAmbWet2,0.7058823529411765
grassAmbWet2_bin.21.orig,Grass,Ambient,T3,60,69,s__Curtobacterium sp003234085,7975310,p__Actinomycetota,c__Actinomycetes,o__Actinomycetales,Microbacteriaceae,g__Curtobacterium,16,24,55.61,7.894,0.717,Bacteria,4134,3351086,grassAmbWet2,1.5
grassAmbWet2_bin.22.orig,Grass,Ambient,T4,75,8,s__,3351086,p__Bacteroidota,c__Bacteroidia,o__Sphingobacteriales,Sphingobacteriaceae,g__Mucilaginibacter,16,3,53.38,2.142,0.469,Bacteroidetes,5028,2371520,grassAmbWet2,0.1875
grassAmbWet2_bin.23.strict,Grass,Ambient,T4,36,6,s__,2371520,p__Bacteroidota,c__Bacteroidia,o__Flavobacteriales,Flavobacteriaceae,g__Flavobacterium,11,2,64.8,0.716,0.484,Flavobacteriaceae,2567,2092619,grassAmbWet2,0.18181818181818182
grassAmbWet2_bin.24.orig,Grass,Ambient,T4,143,6,s__,2092619,p__Bacteroidota,c__Bacteroidia,o__Flavobacteriales,Flavobacteriaceae,g__Flavobacterium,22,8,99.29,1.06,0.343,Flavobacteriaceae,81851,5033171,grassAmbWet2,0.36363636363636365
grassAmbWet2_bin.26.orig,Grass,Reduced,T4,26,70,s__,844678,p__Pseudomonadota,c__Alphaproteobacteria,o__Rhizobiales,Devosiaceae,g__Devosia,8,23,55.42,1.024,0.593,Rhizobiales,8865,2138687,grassAmbWet2,2.875
grassAmbWet2_bin.27.strict,Grass,Reduced,T3,30,1,s__,2138687,p__Bacteroidota,c__Bacteroidia,o__Cytophagales,Spirosomataceae,g__Dyadobacter,12,1,53.79,1.724,0.431,Bacteria,2998,2219619,grassAmbWet2,0.08333333333333333
grassAmbWet2_bin.29.orig,Grass,Ambient,T4,59,10,s__,2219619,p__Bacteroidota,c__Bacteroidia,o__Cytophagales,Spirosomataceae,g__Spirosoma,17,9,69.8,9.482,0.494,Bacteria,3709,4280101,grassAmbWet2,0.5294117647058824
grassAmbWet2_bin.3.strict,Grass,Ambient,T4,117,8,s__,4280101,p__Bacteroidota,c__Bacteroidia,o__Cytophagales,Spirosomataceae,g__Spirosoma,20,8,56.89,6.896,0.489,Bacteria,18325,5292958,grassAmbWet2,0.4
grassAmbWet2_bin.31.orig,Grass,Ambient,T4,69,9,s__,5292958,p__Pseudomonadota,c__Alphaproteobacteria,o__Sphingomonadales,Sphingomonadaceae,g__Sphingomonas,18,10,89.23,3.242,0.658,Sphingomonadales,25275,2972789,grassAmbWet2,0.5555555555555556
grassAmbWet2_bin.32.orig,Grass,Ambient,T4,140,7,s__,2972789,p__Bacteroidota,c__Bacteroidia,o__Sphingobacteriales,Sphingobacteriaceae,g__Mucilaginibacter,22,5,62.67,5.587,0.422,Bacteroidetes,31738,3843076,grassAmbWet2,0.22727272727272727
grassAmbWet2_bin.33.orig,Grass,Ambient,T4,103,3,s__,3843076,p__Bacteroidota,c__Bacteroidia,o__Chitinophagales,Chitinophagaceae,g__Terrimonas_A,20,4,90.06,2.887,0.48,Bacteroidetes,19346,3997345,grassAmbWet2,0.2
grassAmbWet2_bin.34.orig,Grass,Reduced,T4,9,11,s__,3997345,p__Pseudomonadota,c__Alphaproteobacteria,o__Caulobacterales,Caulobacteraceae,g__Caulobacter,6,11,66.97,2.597,0.688,Alphaproteobacteria,7609,2368845,grassAmbWet2,1.8333333333333333
grassAmbWet2_bin.35.strict,Grass,Ambient,T4,104,5,s__,2368845,p__Bacteroidota,c__Bacteroidia,o__Cytophagales,Hymenobacteraceae,g__Hymenobacter,18,5,75.86,5.172,0.594,Bacteria,24417,5796847,grassAmbWet2,0.2777777777777778
grassAmbWet2_bin.37.orig,Grass,Ambient,T4,176,28,s__,2622090,p__Armatimonadota,c__Abditibacteriia,o__Abditibacteriales,Abditibacteriaceae,g__Abditibacterium,22,14,92.12,1.543,0.569,Bacteria,60678,5441303,grassAmbWet2,0.6363636363636364
grassAmbWet2_bin.39.orig,Grass,Ambient,T4,31,8,s__,5441303,p__Pseudomonadota,c__Alphaproteobacteria,o__Sphingomonadales,Sphingomonadaceae,g__Sphingomonas_I,13,4,79.68,1.086,0.644,Alphaproteobacteria,21970,2158994,grassAmbWet2,0.3076923076923077
grassAmbWet2_bin.4.orig,Grass,Ambient,T4,77,15,s__,2158994,p__Bacteroidota,c__Bacteroidia,o__Cytophagales,UBA9547,g__,16,6,96.13,1.488,0.421,Cytophagales,14232,5132567,grassAmbWet2,0.375
grassAmbWet2_bin.40.orig,Grass,Ambient,T4,102,3,s__,5132567,p__Bacteroidota,c__Bacteroidia,o__Chitinophagales,Chitinophagaceae,g__Terrimonas_A,15,7,79.67,1.281,0.555,Bacteroidetes,3073,3324554,grassAmbWet2,0.4666666666666667
grassAmbWet2_bin.41.orig,Grass,Ambient,T2,87,6,s__Sphingomonas phyllosphaerae_B,3324554,p__Pseudomonadota,c__Alphaproteobacteria,o__Sphingomonadales,Sphingomonadaceae,g__Sphingomonas,16,12,78.48,3.187,0.679,Sphingomonadales,20263,3097452,grassAmbWet2,0.75
grassAmbWet2_bin.45.orig,Grass,Ambient,T2,110,4,s__,553158,p__Bacteroidota,c__Bacteroidia,o__Cytophagales,Hymenobacteraceae,g__Hymenobacter,18,8,51.72,0,0.628,Bacteria,7948,4879912,grassAmbWet2,0.4444444444444444
grassAmbWet2_bin.46.orig,Grass,Ambient,T4,23,39,s__,4879912,p__Actinomycetota,c__Actinomycetes,o__Mycobacteriales,Geodermatophilaceae,g__Klenkia,6,19,63.29,2.818,0.747,Actinomycetales,5109,2786676,grassAmbWet2,3.1666666666666665
grassAmbWet2_bin.47.orig,Grass,Ambient,T3,32,23,s__,2786676,p__Pseudomonadota,c__Alphaproteobacteria,o__Acetobacterales,Acetobacteraceae,g__,12,18,57.58,7.758,0.7,Bacteria,3240,4375271,grassAmbWet2,1.5
grassAmbWet2_bin.49.orig,Grass,Ambient,T2,20,49,s__,4375271,p__Pseudomonadota,c__Alphaproteobacteria,o__Rhizobiales,Rhizobiaceae,g__Aureimonas_A,5,27,59.92,0.504,0.679,Rhizobiales,6528,2452078,grassAmbWet2,5.4
grassAmbWet2_bin.5.orig,Grass,Ambient,T3,34,19,s__Methylobacterium sp008000895,2452078,p__Pseudomonadota,c__Alphaproteobacteria,o__Rhizobiales,Beijerinckiaceae,g__Methylobacterium,8,16,94.6,5.903,0.698,Rhizobiales,20361,5154316,grassAmbWet2,2
grassAmbWet2_bin.50.strict,Grass,Ambient,T4,104,9,s__,5154316,p__Bacteroidota,c__Bacteroidia,o__Sphingobacteriales,Sphingobacteriaceae,g__Mucilaginibacter,18,6,84.1,1.724,0.444,Bacteria,66195,4160694,grassAmbWet2,0.3333333333333333
grassAmbWet2_bin.51.orig,Shrub,Ambient,T1,102,83,s__,4160694,p__Actinomycetota,c__Actinomycetes,o__Actinomycetales,Kineosporiaceae,g__Kineosporia,19,39,82.88,3.897,0.699,Actinomycetales,7901,6892599,grassAmbWet2,2.0526315789473686
grassAmbWet2_bin.52.orig,Grass,Ambient,T3,121,48,s__,6892599,p__Pseudomonadota,c__Gammaproteobacteria,o__Burkholderiales,Burkholderiaceae,g__Telluria,18,27,69.13,0,0.667,Bacteria,21266,6255063,grassAmbWet2,1.5
grassAmbWet2_bin.53.orig,Grass,Ambient,T4,28,34,s__,6255063,p__Pseudomonadota,c__Alphaproteobacteria,o__Rhizobiales,Beijerinckiaceae,g__,4,16,86.13,6.217,0.673,Rhizobiales,17102,3977022,grassAmbWet2,4
grassAmbWet2_bin.54.orig,Grass,Ambient,T4,43,6,s__,3977022,p__Pseudomonadota,c__Alphaproteobacteria,o__Sphingomonadales,Sphingomonadaceae,g__Sphingomonas_I,15,4,71.48,2.337,0.649,Alphaproteobacteria,15996,2590563,grassAmbWet2,0.26666666666666666
grassAmbWet2_bin.55.orig,Grass,Ambient,T4,57,6,s__,2590563,p__Bacteroidota,c__Bacteroidia,o__Sphingobacteriales,Sphingobacteriaceae,g__Mucilaginibacter,18,4,88.36,3.968,0.391,Bacteroidetes,13289,3336872,grassAmbWet2,0.2222222222222222
grassAmbWet2_bin.57.orig,Grass,Ambient,T4,18,9,s__,3336872,p__Bacteroidota,c__Bacteroidia,o__Chitinophagales,Chitinophagaceae,g__UBA1952,8,2,72.96,4.926,0.561,Bacteroidetes,6492,3614296,grassAmbWet2,0.25
grassAmbWet2_bin.59.orig,Grass,Reduced,T4,32,36,s__Rhodococcus_C sp001426185,3614296,p__Actinomycetota,c__Actinomycetes,o__Mycobacteriales,Mycobacteriaceae,g__Rhodococcoides,8,16,54.03,7.682,0.672,Actinomycetales,2219,3036929,grassAmbWet2,2
grassAmbWet2_bin.6.orig,Grass,Ambient,T4,216,8,s__,3036929,p__Bacteroidota,c__Bacteroidia,o__Chitinophagales,Chitinophagaceae,g__JAZKFT01,22,9,99.48,0,0.415,Bacteroidetes,114286,5816711,grassAmbWet2,0.4090909090909091
grassAmbWet2_bin.60.orig,Shrub,Reduced,T2,23,32,s__,5816711,p__Pseudomonadota,c__Gammaproteobacteria,o__Pseudomonadales,Pseudomonadaceae,g__Pseudomonas_E,8,31,70.35,1.754,0.627,Bacteria,2993,3777459,grassAmbWet2,3.875
grassAmbWet2_bin.8.orig,Grass,Ambient,T4,26,18,s__,3335355,p__Pseudomonadota,c__Alphaproteobacteria,o__Rhizobiales,Xanthobacteraceae,g__Tardiphaga,7,10,93.6,2.24,0.644,Bradyrhizobiaceae,26876,4261624,grassAmbWet2,1.4285714285714286
grassAmbWet2_bin.9.orig,Grass,Ambient,T4,21,24,s__,4261624,p__Pseudomonadota,c__Alphaproteobacteria,o__Rhizobiales,Beijerinckiaceae,g__,8,15,82.4,1.985,0.679,Rhizobiales,18545,3455789,grassAmbWet2,1.875
grassRedDry1_bin.10.orig,Grass,Reduced,T3,131,9,s__,2402276,p__Bacteroidota,c__Bacteroidia,o__Sphingobacteriales,Sphingobacteriaceae,g__Arcticibacter,19,9,67.24,3.448,0.44,Bacteria,6052,2887973,grassRedDry1,0.47368421052631576
grassRedDry1_bin.11.orig,Grass,Reduced,T1,153,89,s__Paenibacillus sp001955855,2887973,p__Bacillota,c__Bacilli,o__Paenibacillales,Paenibacillaceae,g__Paenibacillus,22,29,55.33,6.48,0.463,Paenibacillaceae,1866,4509783,grassRedDry1,1.3181818181818181
grassRedDry1_bin.13.permissive,Grass,Reduced,T1,111,71,s__Saccharibacillus brassicae,2575162,p__Bacillota,c__Bacilli,o__Paenibacillales,Paenibacillaceae,g__Saccharibacillus,17,34,65.55,1.237,0.597,Paenibacillaceae,2149,3456815,grassRedDry1,2
grassRedDry1_bin.14.orig,Grass,Reduced,T1,46,63,s__,3456815,p__Actinomycetota,c__Actinomycetes,o__Actinomycetales,Quadrisphaeraceae,g__Pseudokineococcus,12,34,73.84,2.215,0.77,Actinomycetales,3813,2802763,grassRedDry1,2.8333333333333335
grassRedDry1_bin.15.orig,Grass,Ambient,T2,62,53,s__,2802763,p__Actinomycetota,c__Actinomycetes,o__Actinomycetales,Beutenbergiaceae,g__Litorihabitans,14,21,66.47,6.007,0.733,Actinomycetales,6261,2750030,grassRedDry1,1.5
grassRedDry1_bin.16.orig,Grass,Reduced,T2,52,51,s__,2750030,p__Actinomycetota,c__Actinomycetes,o__Actinomycetales,Microbacteriaceae,g__Labedella,15,27,57.33,0,0.704,Bacteria,4886,2640867,grassRedDry1,1.8
grassRedDry1_bin.17.orig,Grass,Reduced,T1,49,20,s__Stenotrophomonas sp002836635,2640867,p__Pseudomonadota,c__Gammaproteobacteria,o__Xanthomonadales,Xanthomonadaceae,g__Stenotrophomonas,13,13,83.79,0.862,0.668,Bacteria,22887,3866439,grassRedDry1,1
grassRedDry1_bin.18.strict,Grass,Reduced,T1,17,22,s__,3866439,p__Pseudomonadota,c__Gammaproteobacteria,o__Pseudomonadales,Halomonadaceae,g__Vreelandella,6,18,86.31,2.362,0.547,Gammaproteobacteria,5033,3113749,grassRedDry1,3
grassRedDry1_bin.19.strict,Grass,Reduced,T1,69,6,s__,3113749,p__Bacteroidota,c__Bacteroidia,o__Sphingobacteriales,Sphingobacteriaceae,g__Sphingobacterium,13,5,62,0,0.426,Bacteria,19439,2708604,grassRedDry1,0.38461538461538464
grassRedDry1_bin.22.orig,Grass,Reduced,T1,89,13,s__Xanthomonas campestris,4223083,p__Pseudomonadota,c__Gammaproteobacteria,o__Xanthomonadales,Xanthomonadaceae,g__Xanthomonas,19,15,92.96,0.12,0.654,Gammaproteobacteria,68873,4491089,grassRedDry1,0.7894736842105263
grassRedDry1_bin.23.orig,Grass,Reduced,T1,29,85,s__,29295733,p__Pseudomonadota,c__Alphaproteobacteria,o__Rhodobacterales,Rhodobacteraceae,g__Falsirhodobacter,7,30,92.62,4.202,0.629,Rhodobacteraceae,16604,3131180,grassRedDry1,4.285714285714286
grassRedDry1_bin.24.orig,Grass,Reduced,T1,55,63,s__,4491089,p__Actinomycetota,c__Actinomycetes,o__Actinomycetales,Cellulomonadaceae,g__Sanguibacter,15,28,60.98,0,0.722,Bacteria,13407,2764528,grassRedDry1,1.8666666666666667
grassRedDry1_bin.25.strict,Grass,Reduced,T1,79,6,s__,3131180,p__Bacteroidota,c__Bacteroidia,o__Sphingobacteriales,Sphingobacteriaceae,g__Sphingobacterium,16,5,96.29,2.738,0.425,Bacteroidetes,94130,3509161,grassRedDry1,0.3125
grassRedDry1_bin.26.strict,Grass,Reduced,T1,6,30,s__,2764528,p__Actinomycetota,c__Actinomycetes,o__Actinomycetales,Micrococcaceae,g__Nesterenkonia,5,19,71.31,3.225,0.618,Micrococcaceae,5323,2056525,grassRedDry1,3.8
grassRedDry1_bin.27.orig,Grass,Reduced,T2,10,18,s__,3509161,p__Actinomycetota,c__Actinomycetes,o__Actinomycetales,Microbacteriaceae,g__Agrococcus,3,21,53.98,6.14,0.733,Bacteria,2913,1457699,grassRedDry1,7
grassRedDry1_bin.28.orig,Grass,Reduced,T3,112,5,s__,2056525,p__Pseudomonadota,c__Alphaproteobacteria,o__Sphingomonadales,Sphingomonadaceae,g__Sphingomonas,18,13,64.33,8.845,0.666,Sphingomonadales,6338,3658073,grassRedDry1,0.7222222222222222
grassRedDry1_bin.29.orig,Grass,Reduced,T2,23,54,s__,1457699,p__Actinomycetota,c__Actinomycetes,o__Actinomycetales,Microbacteriaceae,g__Microbacterium,8,30,77.33,0,0.698,Actinomycetales,34861,1788999,grassRedDry1,3.75
grassRedDry1_bin.30.strict,Grass,Reduced,T2,57,4,s__Chryseobacterium sp001421435,1788999,p__Bacteroidota,c__Bacteroidia,o__Flavobacteriales,Weeksellaceae,g__Chryseobacterium,16,7,98.52,0.458,0.4,Flavobacteriales,46386,3886243,grassRedDry1,0.4375
grassRedDry1_bin.31.orig,Grass,Reduced,T4,33,62,s__Klenkia sp001424485,1683965,p__Actinomycetota,c__Actinomycetes,o__Mycobacteriales,Geodermatophilaceae,g__Klenkia,9,26,96.46,2.024,0.746,Actinomycetales,24530,4282162,grassRedDry1,2.888888888888889
grassRedDry1_bin.32.orig,Grass,Reduced,T1,56,10,s__Stenotrophomonas rhizophila_A,3886243,p__Pseudomonadota,c__Gammaproteobacteria,o__Xanthomonadales,Xanthomonadaceae,g__Stenotrophomonas,10,10,83.51,9.111,0.666,Xanthomonadaceae,8361,4154253,grassRedDry1,1
grassRedDry1_bin.33.permissive,Grass,Reduced,T1,8,26,s__,4282162,p__Bacillota,c__Bacilli,o__Bacillales_A,Planococcaceae,g__Planococcus,4,19,52.58,0,0.448,Bacteria,7373,2284031,grassRedDry1,4.75
grassRedDry1_bin.34.strict,Grass,Reduced,T1,60,45,s__,4154253,p__Bacillota,c__Bacilli,o__Lactobacillales,Carnobacteriaceae,g__Marinilactibacillus,12,38,94.08,1.31,0.375,Lactobacillales,54777,2257339,grassRedDry1,3.1666666666666665
grassRedDry1_bin.35.orig,Grass,Reduced,T1,23,22,s__Pseudomonas_E seleniipraecipitans,2284031,p__Pseudomonadota,c__Gammaproteobacteria,o__Pseudomonadales,Pseudomonadaceae,g__Pseudomonas_E,4,20,91.08,2.506,0.62,Pseudomonadales,10772,3922956,grassRedDry1,5
grassRedDry1_bin.37.orig,Grass,Reduced,T2,17,12,s__Agrococcus sp900117395,3922956,p__Actinomycetota,c__Actinomycetes,o__Actinomycetales,Microbacteriaceae,g__Agrococcus,4,9,56.65,1.754,0.727,Bacteria,5765,2017427,grassRedDry1,2.25
grassRedDry1_bin.39.orig,Grass,Reduced,T1,14,29,s__,1357615,p__Pseudomonadota,c__Gammaproteobacteria,o__Burkholderiales,Burkholderiaceae,g__Comamonas,5,12,92.06,1.372,0.676,Comamonadaceae,15188,3617662,grassRedDry1,2.4
grassRedDry1_bin.41.orig,Grass,Reduced,T3,27,12,s__,3617662,p__Pseudomonadota,c__Gammaproteobacteria,o__Burkholderiales,Burkholderiaceae,g__Pigmentiphaga,6,7,55.32,8.62,0.648,Bacteria,2312,3596637,grassRedDry1,1.1666666666666667
grassRedDry1_bin.42.orig,Grass,Reduced,T1,35,41,s__,2173193,p__Actinomycetota,c__Actinomycetes,o__Actinomycetales,Microbacteriaceae,g__Arenivirga,13,27,52.87,3.03,0.725,Actinomycetales,9375,1791508,grassRedDry1,2.076923076923077
grassRedDry1_bin.44.orig,Grass,Reduced,T3,50,46,s__,3596637,p__Actinomycetota,c__Actinomycetes,o__Actinomycetales,Microbacteriaceae,g__Microbacterium,12,22,75.43,0,0.71,Bacteria,50329,2197378,grassRedDry1,1.8333333333333333
grassRedDry1_bin.46.orig,Grass,Reduced,T1,13,49,s__,2197378,p__Actinomycetota,c__Actinomycetes,o__Actinomycetales,Micrococcaceae,g__Nesterenkonia,7,28,82.75,0.649,0.677,Micrococcaceae,36556,2537157,grassRedDry1,4
grassRedDry1_bin.47.permissive,Grass,Reduced,T1,36,3,s__Chryseobacterium indoltheticum,2302810,p__Bacteroidota,c__Bacteroidia,o__Flavobacteriales,Weeksellaceae,g__Chryseobacterium,12,6,67.55,2.037,0.336,Bacteria,8059,3646773,grassRedDry1,0.5
grassRedDry1_bin.48.orig,Grass,Reduced,T1,126,6,s__Sphingobacterium kitahiroshimense,2537157,p__Bacteroidota,c__Bacteroidia,o__Sphingobacteriales,Sphingobacteriaceae,g__Sphingobacterium,20,7,93.8,0.793,0.364,Bacteroidetes,92962,5450570,grassRedDry1,0.35
grassRedDry1_bin.49.orig,Grass,Reduced,T2,14,80,s__Paracoccus marcusii,3646773,p__Pseudomonadota,c__Alphaproteobacteria,o__Rhodobacterales,Rhodobacteraceae,g__Paracoccus,7,38,62.08,4.422,0.686,Rhodobacteraceae,4767,2363112,grassRedDry1,5.428571428571429
grassRedDry1_bin.5.orig,Grass,Reduced,T1,69,36,s__,5450570,p__Actinomycetota,c__Actinomycetes,o__Actinomycetales,Cellulomonadaceae,g__Sanguibacter,15,23,52.75,0,0.721,Bacteria,7729,3141052,grassRedDry1,1.5333333333333334
grassRedDry1_bin.50.orig,Grass,Reduced,T1,16,49,s__,2363112,p__Pseudomonadota,c__Alphaproteobacteria,o__Rhodobacterales,Rhodobacteraceae,g__Falsirhodobacter,9,19,72.68,3.401,0.645,Rhodobacteraceae,7432,3142164,grassRedDry1,2.111111111111111
grassRedDry1_bin.51.orig,Grass,Reduced,T1,25,38,s__,3141052,p__Actinomycetota,c__Actinomycetes,o__Actinomycetales,Micrococcaceae,g__Nesterenkonia,10,29,56.75,7.003,0.632,Micrococcaceae,3082,2634893,grassRedDry1,2.9
grassRedDry1_bin.52.orig,Grass,Reduced,T2,85,9,s__Sphingomonas sp014842075,3142164,p__Pseudomonadota,c__Alphaproteobacteria,o__Sphingomonadales,Sphingomonadaceae,g__Sphingomonas,18,11,72.08,6.367,0.665,Sphingomonadales,4346,2793530,grassRedDry1,0.6111111111111112
grassRedDry1_bin.53.orig,Grass,Reduced,T1,65,119,s__,2634893,p__Actinomycetota,c__Actinomycetes,o__Actinomycetales,Dermabacteraceae,g__Brachybacterium,13,33,86.08,0,0.706,Actinomycetales,15023,3349944,grassRedDry1,2.5384615384615383
grassRedDry1_bin.54.permissive,Grass,Ambient,T2,17,40,s__Neorhizobium soli,2793530,p__Pseudomonadota,c__Alphaproteobacteria,o__Rhizobiales,Rhizobiaceae,g__Neorhizobium,5,26,56.6,3.586,0.609,Rhizobiales,3375,2418980,grassRedDry1,5.2
grassRedDry1_bin.7.orig,Grass,Reduced,T2,28,8,s__,2418980,p__Pseudomonadota,c__Gammaproteobacteria,o__Xanthomonadales,Xanthomonadaceae,g__Luteimonas,6,9,61.61,3.251,0.677,Xanthomonadaceae,3460,2431278,grassRedDry1,1.5
grassRedDry1_bin.8.orig,Grass,Reduced,T2,29,77,s__,2252680,p__Pseudomonadota,c__Alphaproteobacteria,o__Rhodobacterales,Rhodobacteraceae,g__Paracoccus,5,36,81.03,1.724,0.699,Bacteria,35598,3300788,grassRedDry1,7.2
grassRedDry1_bin.9.orig,Grass,Reduced,T1,43,43,s__,2431278,p__Actinomycetota,c__Actinomycetes,o__Actinomycetales,Microbacteriaceae,g__Clavibacter,11,20,59.62,9.427,0.742,Actinomycetales,3190,2240611,grassRedDry1,1.8181818181818181
grassRedDry2_bin.11.strict,Grass,Reduced,T3,93,11,s__,3732520,p__Bacteroidota,c__Bacteroidia,o__Cytophagales,Spirosomataceae,g__Dyadobacter,17,6,82.81,0.357,0.444,Cytophagales,27614,5292016,grassRedDry2,0.35294117647058826
grassRedDry2_bin.12.orig,Grass,Ambient,T2,16,31,s__,3166356,p__Pseudomonadota,c__Alphaproteobacteria,o__Rhizobiales,Rhizobiaceae,g__Neorhizobium,7,19,52.58,1.724,0.64,Bacteria,3971,1594602,grassRedDry2,2.7142857142857144
grassRedDry2_bin.13.orig,Grass,Reduced,T3,73,27,s__,5292016,p__Actinomycetota,c__Actinomycetes,o__Actinomycetales,Cellulomonadaceae,g__Cellulomonas,15,21,53.79,5.517,0.754,Bacteria,3324,3570051,grassRedDry2,1.4
grassRedDry2_bin.14.strict,Grass,Reduced,T2,109,3,s__,1594602,p__Bacteroidota,c__Bacteroidia,o__Sphingobacteriales,Sphingobacteriaceae,g__Pedobacter,17,5,65.28,1.724,0.373,Bacteria,9914,3598471,grassRedDry2,0.29411764705882354
grassRedDry2_bin.15.orig,Grass,Reduced,T3,126,3,s__,3570051,p__Bacteroidota,c__Bacteroidia,o__Sphingobacteriales,Sphingobacteriaceae,g__Pedobacter,21,5,85.95,1.674,0.391,Bacteroidetes,15089,5741259,grassRedDry2,0.23809523809523808
grassRedDry2_bin.18.orig,Grass,Reduced,T3,21,8,s__,2916756,p__Pseudomonadota,c__Alphaproteobacteria,o__Caulobacterales,Caulobacteraceae,g__Brevundimonas,10,10,56.97,2.11,0.677,Alphaproteobacteria,6194,1746649,grassRedDry2,1
grassRedDry2_bin.19.orig,Grass,Ambient,T3,62,68,s__Curtobacterium sp001865065,1918215,p__Actinomycetota,c__Actinomycetes,o__Actinomycetales,Microbacteriaceae,g__Curtobacterium,17,24,59.4,5.359,0.718,Actinomycetales,4255,3181351,grassRedDry2,1.411764705882353
grassRedDry2_bin.20.orig,Grass,Reduced,T1,22,47,s__Frigoribacterium sp001422285,3181351,p__Actinomycetota,c__Actinomycetes,o__Actinomycetales,Microbacteriaceae,g__Frigoribacterium,9,25,76.31,8.949,0.717,Actinomycetales,12337,2450167,grassRedDry2,2.7777777777777777
grassRedDry2_bin.21.orig,Grass,Reduced,T1,28,75,s__,3343179,p__Pseudomonadota,c__Alphaproteobacteria,o__Rhodobacterales,Rhodobacteraceae,g__Falsirhodobacter,6,27,75.86,0,0.63,Bacteria,9831,2854892,grassRedDry2,4.5
grassRedDry2_bin.22.orig,Grass,Reduced,T3,148,6,s__,2450167,p__Bacteroidota,c__Bacteroidia,o__Flavobacteriales,Flavobacteriaceae,g__Flavobacterium,22,8,93.9,1.622,0.339,Flavobacteriaceae,13978,4843764,grassRedDry2,0.36363636363636365
grassRedDry2_bin.23.orig,Grass,Reduced,T3,59,56,s__,2854892,p__Actinomycetota,c__Actinomycetes,o__Actinomycetales,Microbacteriaceae,g__Microbacterium,13,26,93.97,4.204,0.71,Actinomycetales,40537,2796301,grassRedDry2,2
grassRedDry2_bin.24.orig,Grass,Reduced,T3,53,0,s__Sphingomonas sp001421995,4843764,p__Pseudomonadota,c__Alphaproteobacteria,o__Sphingomonadales,Sphingomonadaceae,g__Sphingomonas,11,8,51.72,6.034,0.68,Bacteria,25018,2458914,grassRedDry2,0.7272727272727273
grassRedDry2_bin.25.orig,Grass,Reduced,T3,57,6,s__,2796301,p__Pseudomonadota,c__Alphaproteobacteria,o__Sphingomonadales,Sphingomonadaceae,g__Sphingomonas,11,8,93.27,2.565,0.673,Sphingomonadales,31786,3366769,grassRedDry2,0.7272727272727273
grassRedDry2_bin.28.orig,Grass,Reduced,T3,61,3,s__,1764123,p__Bacteroidota,c__Bacteroidia,o__Cytophagales,Hymenobacteraceae,g__Hymenobacter,15,3,50.17,6.896,0.577,Bacteria,10370,3091261,grassRedDry2,0.2
grassRedDry2_bin.29.orig,Grass,Reduced,T2,24,44,s__,1754579,p__Pseudomonadota,c__Gammaproteobacteria,o__Burkholderiales,Burkholderiaceae,g__Variovorax,5,16,91.44,2.316,0.707,Burkholderiales,10265,3846340,grassRedDry2,3.2
grassRedDry2_bin.3.orig,Grass,Reduced,T1,21,21,s__Pseudomonas_E seleniipraecipitans,3091261,p__Pseudomonadota,c__Gammaproteobacteria,o__Pseudomonadales,Pseudomonadaceae,g__Pseudomonas_E,4,20,85.6,1.615,0.618,Pseudomonadales,14256,3756299,grassRedDry2,5
grassRedDry2_bin.31.orig,Grass,Reduced,T3,55,3,s__,3756299,p__Bacteroidota,c__Bacteroidia,o__Sphingobacteriales,Sphingobacteriaceae,g__Pedobacter,15,3,75.51,0,0.414,Bacteroidetes,53977,2421079,grassRedDry2,0.2
grassRedDry2_bin.32.orig,Grass,Reduced,T2,33,54,s__Pseudorhodoferax soli,2069921,p__Pseudomonadota,c__Gammaproteobacteria,o__Burkholderiales,Burkholderiaceae,g__Pseudorhodoferax,6,15,81.81,5.565,0.698,Burkholderiales,4692,5566908,grassRedDry2,2.5
grassRedDry2_bin.33.orig,Grass,Reduced,T3,159,3,s__,2421079,p__Bacteroidota,c__Bacteroidia,o__Cytophagales,Hymenobacteraceae,g__Hymenobacter,16,5,94.67,3.645,0.569,Cytophagales,36502,4960236,grassRedDry2,0.3125
grassRedDry2_bin.34.orig,Grass,Reduced,T3,40,85,s__,5566908,p__Actinomycetota,c__Actinomycetes,o__Actinomycetales,Microbacteriaceae,g__Microbacterium,11,32,70.67,4.933,0.72,Actinomycetales,5560,2735464,grassRedDry2,2.909090909090909
grassRedDry2_bin.35.orig,Grass,Reduced,T4,78,109,s__,4960236,p__Actinomycetota,c__Actinomycetes,o__Actinomycetales,Kineococcaceae,g__Kineococcus,16,31,93.64,6.492,0.746,Actinomycetales,9722,4548556,grassRedDry2,1.9375
grassRedDry2_bin.36.orig,Grass,Reduced,T4,88,5,s__,2735464,p__Armatimonadota,c__Abditibacteriia,o__Abditibacteriales,Abditibacteriaceae,g__JAQNCO01,14,5,57.77,1.851,0.611,Bacteria,1833,2739552,grassRedDry2,0.35714285714285715
grassRedDry2_bin.37.orig,Grass,Reduced,T4,30,54,s__Klenkia sp001424485,4548556,p__Actinomycetota,c__Actinomycetes,o__Mycobacteriales,Geodermatophilaceae,g__Klenkia,8,25,86.42,4.225,0.747,Actinomycetales,11376,4024104,grassRedDry2,3.125
grassRedDry2_bin.38.orig,Grass,Reduced,T2,38,55,s__,2739552,p__Actinomycetota,c__Actinomycetes,o__Actinomycetales,Quadrisphaeraceae,g__Pseudokineococcus,11,34,69.5,2.254,0.771,Actinomycetales,4066,2330558,grassRedDry2,3.090909090909091
grassRedDry2_bin.39.orig,Grass,Reduced,T3,16,54,s__,4024104,p__Pseudomonadota,c__Alphaproteobacteria,o__Rhizobiales,Rhizobiaceae,g__Aureimonas_A,5,26,72.62,1.008,0.663,Rhizobiales,12171,2838338,grassRedDry2,5.2
grassRedDry2_bin.4.orig,Grass,Reduced,T4,95,2,s__,2330558,p__Bacteroidota,c__Bacteroidia,o__Cytophagales,Hymenobacteraceae,g__Hymenobacter,16,9,91.81,2.232,0.539,Cytophagales,18676,4534884,grassRedDry2,0.5625
grassRedDry2_bin.41.orig,Grass,Reduced,T3,35,38,s__,2838338,p__Actinomycetota,c__Actinomycetes,o__Actinomycetales,Microbacteriaceae,g__Schumannella,12,22,60.7,7.368,0.719,Bacteria,5578,2261777,grassRedDry2,1.8333333333333333
grassRedDry2_bin.42.orig,Grass,Reduced,T2,30,85,s__,4534884,p__Pseudomonadota,c__Alphaproteobacteria,o__Rhodobacterales,Rhodobacteraceae,g__Paracoccus,7,35,95.38,1.06,0.698,Rhodobacteraceae,40360,3552820,grassRedDry2,5
grassRedDry2_bin.44.strict,Grass,Reduced,T3,168,9,s__,3552820,p__Bacteroidota,c__Bacteroidia,o__Sphingobacteriales,Sphingobacteriaceae,g__Mucilaginibacter,18,5,86.42,1.216,0.411,Bacteroidetes,21712,3927663,grassRedDry2,0.2777777777777778
grassRedDry2_bin.45.orig,Grass,Reduced,T3,110,6,s__,4335375,p__Bacteroidota,c__Bacteroidia,o__Sphingobacteriales,Sphingobacteriaceae,g__Pedobacter,15,6,66.53,1.724,0.42,Bacteria,16015,4157950,grassRedDry2,0.4
grassRedDry2_bin.46.strict,Grass,Reduced,T3,41,3,s__,3927663,p__Bacteroidota,c__Bacteroidia,o__Flavobacteriales,Flavobacteriaceae,g__Flavobacterium,14,4,61.6,1.266,0.397,Flavobacteriaceae,6855,2017657,grassRedDry2,0.2857142857142857
grassRedDry2_bin.47.orig,Grass,Reduced,T2,61,3,s__Chryseobacterium sp001421435,4157950,p__Bacteroidota,c__Bacteroidia,o__Flavobacteriales,Weeksellaceae,g__Chryseobacterium,16,7,99.87,0.245,0.397,Flavobacteriales,93674,4170777,grassRedDry2,0.4375
grassRedDry2_bin.48.orig,Grass,Reduced,T3,72,121,s__,2017657,p__Actinomycetota,c__Actinomycetes,o__Actinomycetales,Kineococcaceae,g__Kineococcus,16,37,89.45,0.888,0.743,Actinomycetales,44487,4373036,grassRedDry2,2.3125
grassRedDry2_bin.49.strict,Grass,Reduced,T3,149,11,s__,4170777,p__Bacteroidota,c__Bacteroidia,o__Sphingobacteriales,Sphingobacteriaceae,g__Arcticibacter,20,9,95.39,0.968,0.442,Bacteroidetes,36951,4014496,grassRedDry2,0.45
grassRedDry2_bin.5.orig,Grass,Ambient,T1,35,40,s__Arthrobacter_D sp001187915,4373036,p__Actinomycetota,c__Actinomycetes,o__Actinomycetales,Micrococcaceae,g__Arthrobacter_D,12,25,60.14,0,0.705,Bacteria,9652,2380069,grassRedDry2,2.0833333333333335
grassRedDry2_bin.50.orig,Grass,Reduced,T3,63,80,s__,4014496,p__Actinomycetota,c__Actinomycetes,o__Actinomycetales,Microbacteriaceae,g__Labedella,18,35,86.94,1.262,0.705,Actinomycetales,33806,3038644,grassRedDry2,1.9444444444444444
grassRedDry2_bin.51.strict,Grass,Reduced,T3,86,4,s__,2380069,p__Bacteroidota,c__Bacteroidia,o__Cytophagales,Spirosomataceae,g__Dyadobacter,17,3,52.82,0.156,0.449,Bacteria,6532,4053305,grassRedDry2,0.17647058823529413
grassRedDry2_bin.52.orig,Grass,Reduced,T2,15,37,s__,3038644,p__Actinomycetota,c__Actinomycetes,o__Actinomycetales,Microbacteriaceae,g__Microbacterium,6,24,63.66,1.928,0.699,Actinomycetales,23465,1325134,grassRedDry2,4
grassRedDry2_bin.53.strict,Grass,Reduced,T4,16,16,s__,4053305,p__Actinomycetota,c__Actinomycetes,o__Actinomycetales,Microbacteriaceae,g__Naasia,8,12,51.19,4.385,0.68,Bacteria,2773,1662407,grassRedDry2,1.5
grassRedDry2_bin.55.orig,Grass,Reduced,T3,24,11,s__Pigmentiphaga litoralis_A,1325134,p__Pseudomonadota,c__Gammaproteobacteria,o__Burkholderiales,Burkholderiaceae,g__Pigmentiphaga,4,3,50.25,8.241,0.648,Proteobacteria,2818,4692350,grassRedDry2,0.75
grassRedDry2_bin.7.orig,Grass,Reduced,T3,26,21,s__,4692350,p__Pseudomonadota,c__Gammaproteobacteria,o__Burkholderiales,Burkholderiaceae,g__Pigmentiphaga,4,10,82.05,0.914,0.677,Proteobacteria,10781,3958295,grassRedDry2,2.5
grassRedDry2_bin.8.strict,Grass,Reduced,T1,4,27,s__,3560778,p__Actinomycetota,c__Actinomycetes,o__Actinomycetales,Micrococcaceae,g__Nesterenkonia,6,17,68.27,1.785,0.638,Micrococcaceae,10773,1681361,grassRedDry2,2.8333333333333335
grassRedDry2_bin.9.permissive,Grass,Reduced,T1,9,36,s__,3958295,p__Bacillota,c__Bacilli,o__Bacillales_A,Planococcaceae,g__Planococcus,4,27,68.6,1.324,0.449,Bacilli,3875,2252055,grassRedDry2,6.75
grassRedWet1_bin.1.orig,Grass,Reduced,T4,33,62,s__Klenkia sp001424485,1681361,p__Actinomycetota,c__Actinomycetes,o__Mycobacteriales,Geodermatophilaceae,g__Klenkia,8,26,96.24,3.664,0.746,Actinomycetales,20285,4218878,grassRedWet1,3.25
grassRedWet1_bin.10.orig,Grass,Reduced,T2,19,54,s__Paracoccus marcusii,2252055,p__Pseudomonadota,c__Alphaproteobacteria,o__Rhodobacterales,Rhodobacteraceae,g__Paracoccus,7,29,62.9,1.717,0.683,Rhodobacteraceae,4876,2175209,grassRedWet1,4.142857142857143
grassRedWet1_bin.11.orig,Grass,Reduced,T3,25,8,s__,4218878,p__Pseudomonadota,c__Alphaproteobacteria,o__Sphingomonadales,Sphingomonadaceae,g__Sphingomonas,11,6,58.47,5.297,0.654,Sphingomonadales,5102,2462489,grassRedWet1,0.5454545454545454
grassRedWet1_bin.12.orig,Grass,Reduced,T1,27,67,s__,2175209,p__Pseudomonadota,c__Alphaproteobacteria,o__Rhodobacterales,Rhodobacteraceae,g__Falsirhodobacter,7,28,81.04,2.174,0.632,Rhodobacteraceae,14218,2610009,grassRedWet1,4
grassRedWet1_bin.13.orig,Grass,Reduced,T3,37,3,s__,2462489,p__Pseudomonadota,c__Alphaproteobacteria,o__Sphingomonadales,Sphingomonadaceae,g__Novosphingobium,8,5,55.64,3.793,0.66,Bacteria,3607,2374869,grassRedWet1,0.625
grassRedWet1_bin.14.orig,Grass,Reduced,T2,12,24,s__,2610009,p__Actinomycetota,c__Actinomycetes,o__Actinomycetales,Microbacteriaceae,g__Agrococcus,5,24,57.71,0,0.736,Bacteria,4084,2112193,grassRedWet1,4.8
grassRedWet1_bin.15.orig,Grass,Reduced,T4,74,6,s__Sphingomonas phyllosphaerae_B,2374869,p__Pseudomonadota,c__Alphaproteobacteria,o__Sphingomonadales,Sphingomonadaceae,g__Sphingomonas,16,13,85.61,3.352,0.68,Sphingomonadales,19953,2872857,grassRedWet1,0.8125
grassRedWet1_bin.16.orig,Grass,Reduced,T4,22,9,s__,2112193,p__Pseudomonadota,c__Alphaproteobacteria,o__Rhizobiales,Beijerinckiaceae,g__Methylobacterium,8,10,59.26,2.586,0.699,Bacteria,4848,3843789,grassRedWet1,1.25
grassRedWet1_bin.18.orig,Grass,Reduced,T2,86,11,s__Xanthomonas campestris,3843789,p__Pseudomonadota,c__Gammaproteobacteria,o__Xanthomonadales,Xanthomonadaceae,g__Xanthomonas,20,13,90.54,2.128,0.656,Gammaproteobacteria,13845,4543379,grassRedWet1,0.65
grassRedWet1_bin.19.orig,Grass,Reduced,T2,65,6,s__,3680642,p__Bacteroidota,c__Bacteroidia,o__Sphingobacteriales,Sphingobacteriaceae,g__Pedobacter,16,4,77.76,1.451,0.418,Bacteroidetes,25843,2918674,grassRedWet1,0.25
grassRedWet1_bin.2.permissive,Grass,Reduced,T1,49,34,s__,4543379,p__Bacillota,c__Bacilli,o__Lactobacillales,Carnobacteriaceae,g__Marinilactibacillus,12,36,90.02,0.728,0.375,Lactobacillales,15912,1918488,grassRedWet1,3
grassRedWet1_bin.22.orig,Grass,Reduced,T1,9,19,s__,1918488,p__Pseudomonadota,c__Gammaproteobacteria,o__Burkholderiales,Burkholderiaceae,g__Comamonas,5,10,75.26,1.702,0.676,Comamonadaceae,10039,2861226,grassRedWet1,2
grassRedWet1_bin.23.orig,Grass,Reduced,T2,9,15,s__,2185762,p__Pseudomonadota,c__Gammaproteobacteria,o__Burkholderiales,Burkholderiaceae,g__JAKOND01,4,3,50.86,0,0.715,Bacteria,4719,2147307,grassRedWet1,0.75
grassRedWet1_bin.24.orig,Grass,Reduced,T3,16,6,s__Methylobacterium sp001422815,2861226,p__Pseudomonadota,c__Alphaproteobacteria,o__Rhizobiales,Beijerinckiaceae,g__Methylobacterium,9,7,61.03,1.865,0.662,Rhizobiales,4582,2657324,grassRedWet1,0.7777777777777778
grassRedWet1_bin.25.orig,Grass,Reduced,T1,4,24,s__,2147307,p__Actinomycetota,c__Actinomycetes,o__Actinomycetales,Micrococcaceae,g__Nesterenkonia,6,17,64.29,1.124,0.637,Micrococcaceae,6360,1466886,grassRedWet1,2.8333333333333335
grassRedWet1_bin.26.orig,Grass,Reduced,T2,43,62,s__,2657324,p__Actinomycetota,c__Actinomycetes,o__Actinomycetales,Quadrisphaeraceae,g__Pseudokineococcus,11,34,76.71,2.156,0.773,Actinomycetales,4456,2769377,grassRedWet1,3.090909090909091
grassRedWet1_bin.29.orig,Grass,Reduced,T3,134,10,s__,2136577,p__Bacteroidota,c__Bacteroidia,o__Sphingobacteriales,Sphingobacteriaceae,g__Arcticibacter,18,9,84.83,3.809,0.443,Bacteroidetes,10378,3411325,grassRedWet1,0.5
grassRedWet1_bin.3.orig,Grass,Reduced,T2,67,3,s__,2597367,p__Bacteroidota,c__Bacteroidia,o__Flavobacteriales,Flavobacteriaceae,g__Flavobacterium,16,5,80.62,0.983,0.397,Flavobacteriaceae,12033,2765628,grassRedWet1,0.3125
grassRedWet1_bin.30.orig,Grass,Reduced,T1,21,20,s__Pseudomonas_E seleniipraecipitans,3411325,p__Pseudomonadota,c__Gammaproteobacteria,o__Pseudomonadales,Pseudomonadaceae,g__Pseudomonas_E,4,20,83.75,1.273,0.619,Pseudomonadales,14663,3557653,grassRedWet1,5
grassRedWet1_bin.31.strict,Grass,Reduced,T2,77,1,s__,2765628,p__Pseudomonadota,c__Gammaproteobacteria,o__Pseudomonadales,Cellvibrionaceae,g__Cellvibrio,15,8,68.44,0,0.485,Bacteria,24054,3323345,grassRedWet1,0.5333333333333333
grassRedWet1_bin.32.orig,Grass,Reduced,T2,28,21,s__,3557653,p__Pseudomonadota,c__Gammaproteobacteria,o__Burkholderiales,Burkholderiaceae,g__Schauerella,6,12,63.26,6.379,0.615,Bacteria,8617,3150125,grassRedWet1,2
grassRedWet1_bin.35.orig,Grass,Reduced,T2,28,58,s__,3298779,p__Actinomycetota,c__Actinomycetes,o__Actinomycetales,Microbacteriaceae,g__Microbacterium,13,32,73.26,4.145,0.698,Actinomycetales,31508,1919396,grassRedWet1,2.4615384615384617
grassRedWet1_bin.37.orig,Grass,Reduced,T2,25,36,s__Pseudorhodoferax soli,4196596,p__Pseudomonadota,c__Gammaproteobacteria,o__Burkholderiales,Burkholderiaceae,g__Pseudorhodoferax,7,11,61.84,1.109,0.698,Burkholderiales,8766,3728304,grassRedWet1,1.5714285714285714
grassRedWet1_bin.38.orig,Grass,Reduced,T3,72,121,s__,1919396,p__Actinomycetota,c__Actinomycetes,o__Actinomycetales,Kineococcaceae,g__Kineococcus,16,33,94.24,3.783,0.742,Actinomycetales,33954,4707033,grassRedWet1,2.0625
grassRedWet1_bin.39.orig,Grass,Reduced,T2,26,43,s__,3728304,p__Pseudomonadota,c__Gammaproteobacteria,o__Burkholderiales,Burkholderiaceae,g__Variovorax,5,16,93.38,3.756,0.705,Burkholderiales,18689,3922153,grassRedWet1,3.2
grassRedWet1_bin.4.orig,Grass,Reduced,T2,39,3,s__Chryseobacterium sp001421435,4707033,p__Bacteroidota,c__Bacteroidia,o__Flavobacteriales,Weeksellaceae,g__Chryseobacterium,15,6,87.93,1.715,0.401,Flavobacteriales,9475,3170024,grassRedWet1,0.4
grassRedWet1_bin.40.permissive,Grass,Reduced,T2,87,5,s__,3922153,p__Bacteroidota,c__Bacteroidia,o__Cytophagales,Spirosomataceae,g__Dyadobacter,17,6,62.93,4.31,0.453,Bacteria,3980,3302597,grassRedWet1,0.35294117647058826
grassRedWet1_bin.41.strict,Grass,Reduced,T2,100,6,s__,3170024,p__Bacteroidota,c__Bacteroidia,o__Flavobacteriales,Flavobacteriaceae,g__Flavobacterium,19,4,64.13,3.448,0.335,Bacteria,13140,3338567,grassRedWet1,0.21052631578947367
grassRedWet1_bin.42.orig,Grass,Reduced,T1,12,52,s__,3302597,p__Actinomycetota,c__Actinomycetes,o__Actinomycetales,Micrococcaceae,g__Nesterenkonia,8,27,89.48,2.339,0.678,Micrococcaceae,14946,2623161,grassRedWet1,3.375
grassRedWet1_bin.43.orig,Grass,Reduced,T1,56,6,s__,3338567,p__Bacteroidota,c__Bacteroidia,o__Sphingobacteriales,Sphingobacteriaceae,g__Sphingobacterium,11,5,88.33,1.19,0.424,Bacteroidetes,10108,2949429,grassRedWet1,0.45454545454545453
grassRedWet1_bin.44.orig,Grass,Reduced,T3,76,4,s__,2623161,p__Bacteroidota,c__Bacteroidia,o__Sphingobacteriales,Sphingobacteriaceae,g__Pedobacter,15,4,87.75,9.808,0.412,Bacteroidetes,15706,3662207,grassRedWet1,0.26666666666666666
grassRedWet1_bin.45.orig,Grass,Reduced,T2,23,2,s__,2949429,p__Bacteroidota,c__Bacteroidia,o__Flavobacteriales,Weeksellaceae,g__Epilithonimonas,5,3,71.83,1.225,0.376,Flavobacteriales,11420,2184835,grassRedWet1,0.6
grassRedWet1_bin.48.orig,Grass,Reduced,T2,41,71,s__,2184835,p__Actinomycetota,c__Actinomycetes,o__Actinomycetales,Microbacteriaceae,g__Schumannella,12,34,58.12,1.936,0.707,Actinomycetales,14489,2125612,grassRedWet1,2.8333333333333335
grassRedWet1_bin.49.strict,Grass,Reduced,T2,32,3,s__Chryseobacterium indoltheticum,2742949,p__Bacteroidota,c__Bacteroidia,o__Flavobacteriales,Weeksellaceae,g__Chryseobacterium,10,5,60.81,1.724,0.334,Bacteria,12388,3741022,grassRedWet1,0.5
grassRedWet1_bin.5.orig,Grass,Reduced,T2,65,81,s__,2125612,p__Actinomycetota,c__Actinomycetes,o__Actinomycetales,Microbacteriaceae,g__Labedella,18,35,93.84,1.262,0.704,Actinomycetales,43677,3245551,grassRedWet1,1.9444444444444444
grassRedWet1_bin.50.orig,Grass,Ambient,T2,33,61,s__Neorhizobium soli,3741022,p__Pseudomonadota,c__Alphaproteobacteria,o__Rhizobiales,Rhizobiaceae,g__Neorhizobium,7,34,57.29,2.698,0.602,Rhizobiales,6182,2710186,grassRedWet1,4.857142857142857
grassRedWet1_bin.51.orig,Grass,Reduced,T1,41,13,s__Stenotrophomonas sp002836635,3245551,p__Pseudomonadota,c__Gammaproteobacteria,o__Xanthomonadales,Xanthomonadaceae,g__Stenotrophomonas,10,13,91.56,0.183,0.67,Xanthomonadaceae,20291,3319926,grassRedWet1,1.3
grassRedWet1_bin.53.orig,Grass,Reduced,T2,30,85,s__,3319926,p__Pseudomonadota,c__Alphaproteobacteria,o__Rhodobacterales,Rhodobacteraceae,g__Paracoccus,7,38,96.64,6.07,0.698,Rhodobacteraceae,36578,3656790,grassRedWet1,5.428571428571429
grassRedWet1_bin.54.orig,Grass,Reduced,T2,105,3,s__,1651462,p__Bacteroidota,c__Bacteroidia,o__Flavobacteriales,Flavobacteriaceae,g__Flavobacterium,17,5,96.05,2.461,0.398,Flavobacteriaceae,35862,3764211,grassRedWet1,0.29411764705882354
grassRedWet1_bin.57.orig,Grass,Reduced,T3,52,0,s__Sphingomonas sp001421995,1378398,p__Pseudomonadota,c__Alphaproteobacteria,o__Sphingomonadales,Sphingomonadaceae,g__Sphingomonas,13,5,68.57,1.99,0.67,Sphingomonadales,39551,2243451,grassRedWet1,0.38461538461538464
grassRedWet1_bin.59.orig,Grass,Reduced,T4,22,5,s__,2243451,p__Bacteroidota,c__Bacteroidia,o__Chitinophagales,Chitinophagaceae,g__UBA1952,7,2,66.2,1.258,0.585,Bacteroidetes,2418,3073056,grassRedWet1,0.2857142857142857
grassRedWet1_bin.6.orig,Grass,Reduced,T2,11,10,s__,1925437,p__Pseudomonadota,c__Gammaproteobacteria,o__Burkholderiales,Burkholderiaceae,g__Oxalicibacterium,3,1,53.33,0,0.562,Bacteria,3979,1493580,grassRedWet1,0.3333333333333333
grassRedWet1_bin.7.orig,Grass,Reduced,T1,60,55,s__,3073056,p__Actinomycetota,c__Actinomycetes,o__Actinomycetales,Cellulomonadaceae,g__Sanguibacter,16,26,73.27,3.448,0.723,Bacteria,12887,2924688,grassRedWet1,1.625
grassRedWet1_bin.8.orig,Grass,Reduced,T2,47,59,s__,1493580,p__Actinomycetota,c__Actinomycetes,o__Actinomycetales,Beutenbergiaceae,g__Litorihabitans,12,26,50.87,5.263,0.732,Bacteria,4880,2656027,grassRedWet1,2.1666666666666665
grassRedWet1_bin.9.orig,Grass,Reduced,T4,68,112,s__,2924688,p__Actinomycetota,c__Actinomycetes,o__Actinomycetales,Kineococcaceae,g__Kineococcus,17,29,84.3,3.558,0.749,Actinomycetales,18171,4251528,grassRedWet1,1.7058823529411764
grassRedWet2_bin.1.orig,Grass,Reduced,T4,74,3,s__Sphingomonas phyllosphaerae_B,2656027,p__Pseudomonadota,c__Alphaproteobacteria,o__Sphingomonadales,Sphingomonadaceae,g__Sphingomonas,14,11,61.65,1.724,0.68,Bacteria,19957,2573512,grassRedWet2,0.7857142857142857
grassRedWet2_bin.11.orig,Grass,Reduced,T2,28,44,s__,2573512,p__Pseudomonadota,c__Gammaproteobacteria,o__Burkholderiales,Burkholderiaceae,g__Variovorax,6,14,89.15,4.579,0.706,Burkholderiales,7804,3922781,grassRedWet2,2.3333333333333335
grassRedWet2_bin.12.permissive,Grass,Reduced,T4,96,9,s__,2589939,p__Bacteroidota,c__Bacteroidia,o__Cytophagales,Spirosomataceae,g__Dyadobacter,15,7,67.35,0.862,0.447,Bacteria,7851,4729521,grassRedWet2,0.4666666666666667
grassRedWet2_bin.13.orig,Grass,Reduced,T3,49,53,s__,3922781,p__Actinomycetota,c__Actinomycetes,o__Actinomycetales,Kineococcaceae,g__Kineococcus,11,20,50,5.172,0.746,Bacteria,12632,3170074,grassRedWet2,1.8181818181818181
grassRedWet2_bin.14.orig,Grass,Reduced,T4,29,13,s__,4729521,p__Pseudomonadota,c__Alphaproteobacteria,o__Rhizobiales,Beijerinckiaceae,g__Methylobacterium,4,6,53.5,8.62,0.691,Bacteria,5308,3367750,grassRedWet2,1.5
grassRedWet2_bin.17.orig,Grass,Reduced,T3,43,39,s__,3367750,p__Actinomycetota,c__Actinomycetes,o__Actinomycetales,Microbacteriaceae,g__Microbacterium,11,21,67.54,6.697,0.712,Actinomycetales,19202,2205607,grassRedWet2,1.9090909090909092
grassRedWet2_bin.18.orig,Grass,Reduced,T4,23,11,s__,752475,p__Pseudomonadota,c__Alphaproteobacteria,o__Rhizobiales,Beijerinckiaceae,g__Methylobacterium,9,10,58.96,3.448,0.704,Bacteria,7899,3636574,grassRedWet2,1.1111111111111112
grassRedWet2_bin.20.strict,Grass,Reduced,T4,210,6,s__,3636574,p__Bacteroidota,c__Bacteroidia,o__Sphingobacteriales,Sphingobacteriaceae,g__Mucilaginibacter,22,7,97.93,2.158,0.433,Bacteroidetes,383622,5172578,grassRedWet2,0.3181818181818182
grassRedWet2_bin.21.permissive,Grass,Reduced,T4,139,6,s__,681005,p__Bacteroidota,c__Bacteroidia,o__Chitinophagales,Chitinophagaceae,g__JADCRZ01,22,6,56.34,0,0.465,Bacteria,13081,4301537,grassRedWet2,0.2727272727272727
grassRedWet2_bin.22.orig,Grass,Reduced,T4,156,84,s__,5172578,p__Actinomycetota,c__Actinomycetes,o__Mycobacteriales,Micromonosporaceae,g__Actinoplanes,25,41,52.63,1.754,0.73,Bacteria,9738,6363782,grassRedWet2,1.64
grassRedWet2_bin.23.orig,Grass,Ambient,T3,37,12,s__Methylobacterium sp008000895,4301537,p__Pseudomonadota,c__Alphaproteobacteria,o__Rhizobiales,Beijerinckiaceae,g__Methylobacterium,9,13,83.9,6.53,0.699,Rhizobiales,18950,4799376,grassRedWet2,1.4444444444444444
grassRedWet2_bin.26.permissive,Grass,Reduced,T4,158,2,s__,4799376,p__Bacteroidota,c__Bacteroidia,o__Chitinophagales,Chitinophagaceae,g__Segetibacter,21,9,76.01,5.369,0.449,Bacteroidetes,5275,4616484,grassRedWet2,0.42857142857142855
grassRedWet2_bin.27.orig,Grass,Ambient,T3,44,33,s__Curtobacterium flaccumfaciens,3299857,p__Actinomycetota,c__Actinomycetes,o__Actinomycetales,Microbacteriaceae,g__Curtobacterium,15,10,50.58,2.651,0.713,Actinomycetales,2645,2063315,grassRedWet2,0.6666666666666666
grassRedWet2_bin.28.orig,Shrub,Reduced,T3,115,4,s__,4616484,p__Bacteroidota,c__Bacteroidia,o__Sphingobacteriales,Sphingobacteriaceae,g__Pedobacter,20,5,81.33,2.551,0.463,Bacteroidetes,15907,3449068,grassRedWet2,0.25
grassRedWet2_bin.29.orig,Grass,Reduced,T4,11,9,s__,2063315,p__Pseudomonadota,c__Alphaproteobacteria,o__Sphingomonadales,Sphingomonadaceae,g__JAQGLK01,6,3,78.75,6.742,0.688,Alphaproteobacteria,8927,2776491,grassRedWet2,0.5
grassRedWet2_bin.30.orig,Grass,Reduced,T3,91,4,s__Sphingomonas sp001421995,2776491,p__Pseudomonadota,c__Alphaproteobacteria,o__Sphingomonadales,Sphingomonadaceae,g__Sphingomonas,15,7,66.71,3.448,0.671,Bacteria,15915,3120706,grassRedWet2,0.4666666666666667
grassRedWet2_bin.31.strict,Grass,Reduced,T4,138,6,s__,5451442,p__Bacteroidota,c__Bacteroidia,o__Sphingobacteriales,Sphingobacteriaceae,g__Pedobacter,24,6,91.09,4.545,0.388,Bacteroidetes,42933,5366386,grassRedWet2,0.25
grassRedWet2_bin.32.orig,Grass,Ambient,T4,29,25,s__,3120706,p__Actinomycetota,c__Actinomycetes,o__Actinomycetales,Microbacteriaceae,g__Amnibacterium,12,14,61.81,4.335,0.739,Actinomycetales,4974,2051055,grassRedWet2,1.1666666666666667
grassRedWet2_bin.33.permissive,Grass,Reduced,T4,6,3,s__,5366386,p__Pseudomonadota,c__Gammaproteobacteria,o__Berkiellales,Berkiellaceae,g__CANJXG01,2,1,83.09,0.574,0.384,Gammaproteobacteria,13429,1343591,grassRedWet2,0.5
grassRedWet2_bin.34.orig,Grass,Reduced,T4,16,12,s__,2051055,p__Pseudomonadota,c__Alphaproteobacteria,o__Sphingomonadales,Sphingomonadaceae,g__JAQGLK01,5,4,68.57,0,0.665,Bacteria,20485,2837745,grassRedWet2,0.8
grassRedWet2_bin.35.orig,Grass,Reduced,T4,13,2,s__,1343591,p__Bacteroidota,c__Bacteroidia,o__Chitinophagales,Chitinophagaceae,g__UBA1952,2,2,51.24,7.487,0.55,Bacteroidetes,1785,2569915,grassRedWet2,1
grassRedWet2_bin.36.orig,Grass,Reduced,T4,57,7,s__,2837745,p__Pseudomonadota,c__Alphaproteobacteria,o__Sphingomonadales,Sphingomonadaceae,g__Sphingomonas,16,14,56.37,2.105,0.668,Bacteria,8516,2767536,grassRedWet2,0.875
grassRedWet2_bin.37.strict,Grass,Reduced,T4,95,1,s__,2569915,p__Bacteroidota,c__Bacteroidia,o__Flavobacteriales,Flavobacteriaceae,g__Flavobacterium,19,5,68.48,1.157,0.341,Flavobacteriaceae,4234,3020249,grassRedWet2,0.2631578947368421
grassRedWet2_bin.4.orig,Grass,Reduced,T4,103,4,s__,2767536,p__Bacteroidota,c__Bacteroidia,o__Cytophagales,Hymenobacteraceae,g__Hymenobacter,17,9,93.89,3.469,0.54,Cytophagales,17103,5021545,grassRedWet2,0.5294117647058824
grassRedWet2_bin.40.orig,Grass,Ambient,T2,23,26,s__Pseudomonas_E lutea,3020249,p__Pseudomonadota,c__Gammaproteobacteria,o__Pseudomonadales,Pseudomonadaceae,g__Pseudomonas_E,4,24,60.69,1.015,0.603,Pseudomonadales,3096,3529641,grassRedWet2,6
grassRedWet2_bin.5.orig,Grass,Reduced,T4,87,2,s__,5021545,p__Pseudomonadota,c__Alphaproteobacteria,o__Sphingomonadales,Sphingomonadaceae,g__Sphingomonas,17,10,54.38,9.941,0.647,Bacteria,22357,4829644,grassRedWet2,0.5882352941176471
grassRedWet2_bin.6.orig,Grass,Reduced,T3,69,9,s__,3529641,p__Pseudomonadota,c__Alphaproteobacteria,o__Sphingomonadales,Sphingomonadaceae,g__Croceibacterium,10,13,61.67,2.586,0.68,Bacteria,6481,2628875,grassRedWet2,1.3
grassRedWet2_bin.7.strict,Grass,Reduced,T4,93,6,s__,4829644,p__Bacteroidota,c__Bacteroidia,o__Cytophagales,Spirosomataceae,g__Dyadobacter,18,3,59.63,0,0.444,Bacteria,31673,4861548,grassRedWet2,0.16666666666666666
grassRedWet2_bin.8.orig,Grass,Reduced,T4,40,6,s__,2628875,p__Bacteroidota,c__Bacteroidia,o__Sphingobacteriales,Sphingobacteriaceae,g__Mucilaginibacter,15,2,57.75,0,0.441,Bacteria,4546,1998945,grassRedWet2,0.13333333333333333
grassRedWet2_bin.9.orig,Grass,Ambient,T2,72,0,s__Sphingomonas sp001421415,4861548,p__Pseudomonadota,c__Alphaproteobacteria,o__Sphingomonadales,Sphingomonadaceae,g__Sphingomonas,12,13,59.25,1.754,0.657,Bacteria,32726,3205835,grassRedWet2,1.0833333333333333
shrubAmbDry1_bin.1.orig,Grass,Ambient,T3,32,11,s__Methylobacterium sp008000895,1998945,p__Pseudomonadota,c__Alphaproteobacteria,o__Rhizobiales,Beijerinckiaceae,g__Methylobacterium,7,15,85.78,1.724,0.699,Rhizobiales,28924,4496486,shrubAmbDry1,2.142857142857143
shrubAmbDry1_bin.15.orig,Shrub,Reduced,T2,213,125,s__,2928057,p__Actinomycetota,c__Actinomycetes,o__Mycobacteriales,Micromonosporaceae,g__Actinoplanes,25,44,91.97,9.796,0.708,Actinomycetales,19273,9467569,shrubAmbDry1,1.76
shrubAmbDry1_bin.16.orig,Shrub,Reduced,T2,60,36,s__,1931306,p__Pseudomonadota,c__Gammaproteobacteria,o__Burkholderiales,Burkholderiaceae,g__Telluria,15,26,94.15,5.993,0.641,Burkholderiales,27923,5261414,shrubAmbDry1,1.7333333333333334
shrubAmbDry1_bin.2.orig,Shrub,Ambient,T2,176,10,s__,5261414,p__Bacteroidota,c__Bacteroidia,o__Cytophagales,Hymenobacteraceae,g__Hymenobacter,19,12,68.96,0,0.615,Bacteria,8102,6675928,shrubAmbDry1,0.631578947368421
shrubAmbDry1_bin.4.orig,Shrub,Ambient,T1,20,9,s__,6675928,p__Actinomycetota,c__Thermoleophilia,o__Solirubrobacterales,Solirubrobacteraceae,g__Paraconexibacter,9,5,50.86,6.896,0.75,Bacteria,2454,2242227,shrubAmbDry1,0.5555555555555556
shrubAmbDry1_bin.5.orig,Shrub,Reduced,T1,36,88,s__Pantoea sp018842675,4098058,p__Pseudomonadota,c__Gammaproteobacteria,o__Enterobacterales,Enterobacteriaceae,g__Pantoea,10,61,88.6,2.508,0.52,Enterobacteriaceae,15071,3944147,shrubAmbDry1,6.1
shrubAmbDry1_bin.7.orig,Shrub,Ambient,T1,50,60,s__,3944147,p__Actinomycetota,c__Actinomycetes,o__Actinomycetales,Kineococcaceae,g__Kineococcus,14,29,72.58,0,0.758,Bacteria,8749,3410089,shrubAmbDry1,2.0714285714285716
shrubAmbDry1_bin.9.strict,Shrub,Ambient,T1,31,59,s__,3410089,p__Pseudomonadota,c__Gammaproteobacteria,o__Enterobacterales,Enterobacteriaceae,g__Erwinia,8,41,63.79,0,0.552,Bacteria,8129,3329598,shrubAmbDry1,5.125
shrubAmbDry2_bin.1.orig,Shrub,Ambient,T3,29,40,s__,1821341,p__Pseudomonadota,c__Alphaproteobacteria,o__Rhizobiales,Rhizobiaceae,g__Neorhizobium,8,25,61.14,2.906,0.607,Rhizobiaceae,3440,2464871,shrubAmbDry2,3.125
shrubAmbDry2_bin.10.orig,Shrub,Ambient,T4,18,26,s__,3329598,p__Pseudomonadota,c__Alphaproteobacteria,o__Acetobacterales,Acetobacteraceae,g__,10,17,50,0.862,0.692,Bacteria,10494,3027608,shrubAmbDry2,1.7
shrubAmbDry2_bin.11.orig,Shrub,Ambient,T4,35,37,s__,2464871,p__Actinomycetota,c__Actinomycetes,o__Actinomycetales,Microbacteriaceae,g__Amnibacterium,12,25,64.14,5.614,0.733,Bacteria,4067,2631617,shrubAmbDry2,2.0833333333333335
shrubAmbDry2_bin.12.strict,Grass,Ambient,T4,91,11,s__,3027608,p__Bacteroidota,c__Bacteroidia,o__Cytophagales,Spirosomataceae,g__Spirosoma,18,7,69.1,2.232,0.498,Cytophagales,3819,4476170,shrubAmbDry2,0.3888888888888889
shrubAmbDry2_bin.14.orig,Shrub,Ambient,T4,82,8,s__,4476170,p__Acidobacteriota,c__Terriglobia,o__Terriglobales,Acidobacteriaceae,g__Terriglobus,15,6,67.15,7.1,0.608,Bacteria,6126,3145769,shrubAmbDry2,0.4
shrubAmbDry2_bin.15.orig,Shrub,Ambient,T4,28,8,s__,2323310,p__Pseudomonadota,c__Alphaproteobacteria,o__Sphingomonadales,Sphingomonadaceae,g__Sphingomonas_I,8,6,51.01,0,0.662,Bacteria,3689,2272784,shrubAmbDry2,0.75
shrubAmbDry2_bin.3.orig,Shrub,Ambient,T4,63,90,s__,2111170,p__Actinomycetota,c__Actinomycetes,o__Actinomycetales,Kineosporiaceae,g__,16,35,84.04,2.027,0.731,Actinomycetales,12552,5606907,shrubAmbDry2,2.1875
shrubAmbDry2_bin.4.orig,Grass,Ambient,T3,29,11,s__Methylobacterium sp008000895,1877757,p__Pseudomonadota,c__Alphaproteobacteria,o__Rhizobiales,Beijerinckiaceae,g__Methylobacterium,7,14,76.23,3.508,0.697,Bacteria,22716,4588569,shrubAmbDry2,2
shrubAmbDry2_bin.5.orig,Shrub,Ambient,T4,20,28,s__,5606907,p__Pseudomonadota,c__Gammaproteobacteria,o__Burkholderiales,Burkholderiaceae,g__Rhizobacter,4,14,53.36,6.112,0.682,Bacteria,3118,3572129,shrubAmbDry2,3.5
shrubAmbDry2_bin.6.orig,Shrub,Ambient,T1,192,124,s__,4588569,p__Actinomycetota,c__Actinomycetes,o__Mycobacteriales,Micromonosporaceae,g__Actinoplanes,26,46,84.91,5.166,0.707,Actinomycetales,18243,9296440,shrubAmbDry2,1.7692307692307692
shrubAmbDry2_bin.7.orig,Shrub,Reduced,T4,30,55,s__,3572129,p__Actinomycetota,c__Actinomycetes,o__Actinomycetales,Microbacteriaceae,g__Naasia,10,25,82.29,1.304,0.685,Actinomycetales,16480,2378533,shrubAmbDry2,2.5
shrubAmbDry2_bin.9.orig,Shrub,Ambient,T3,25,62,s__,2378533,p__Pseudomonadota,c__Gammaproteobacteria,o__Pseudomonadales,Pseudomonadaceae,g__Pseudomonas_E,8,39,76.31,4.385,0.639,Bacteria,20695,4723217,shrubAmbDry2,4.875
shrubAmbWet1_bin.1.strict,Shrub,Ambient,T2,5,5,s__,2540149,p__Bacteroidota,c__Bacteroidia,o__Flavobacteriales_B,Blattabacteriaceae,g__,3,2,88.6,0.537,0.308,Bacteria,6341,1623204,shrubAmbWet1,0.6666666666666666
shrubAmbWet1_bin.10.orig,Grass,Ambient,T3,28,15,s__Methylobacterium sp008000895,4723217,p__Pseudomonadota,c__Alphaproteobacteria,o__Rhizobiales,Beijerinckiaceae,g__Methylobacterium,8,17,92.29,2.978,0.699,Rhizobiales,30786,4938320,shrubAmbWet1,2.125
shrubAmbWet1_bin.11.orig,Shrub,Ambient,T2,17,34,s__,1623204,p__Pseudomonadota,c__Gammaproteobacteria,o__Burkholderiales,Burkholderiaceae,g__Xylophilus,6,10,66.53,0,0.693,Bacteria,9746,3832488,shrubAmbWet1,1.6666666666666667
shrubAmbWet1_bin.12.strict,Shrub,Ambient,T4,142,8,s__,4938320,p__Bacteroidota,c__Bacteroidia,o__Sphingobacteriales,Sphingobacteriaceae,g__Mucilaginibacter_A,22,8,84.14,3.666,0.37,Bacteroidetes,12206,3823721,shrubAmbWet1,0.36363636363636365
shrubAmbWet1_bin.14.orig,Shrub,Ambient,T2,12,17,s__,3823721,p__Pseudomonadota,c__Gammaproteobacteria,o__Burkholderiales,Burkholderiaceae,g__CAIKUF01,2,9,53.6,4.31,0.681,Bacteria,2482,2512859,shrubAmbWet1,4.5
shrubAmbWet1_bin.15.orig,Shrub,Ambient,T1,42,49,s__,2219853,p__Actinomycetota,c__Actinomycetes,o__Actinomycetales,Microbacteriaceae,g__Curtobacterium,13,22,50.87,7.602,0.712,Bacteria,8396,2571813,shrubAmbWet1,1.6923076923076923
shrubAmbWet1_bin.16.orig,Shrub,Ambient,T1,27,21,s__,2512859,p__Pseudomonadota,c__Gammaproteobacteria,o__Burkholderiales,Burkholderiaceae,g__PBB1,5,8,56.72,0,0.699,Bacteria,7020,3600546,shrubAmbWet1,1.6
shrubAmbWet1_bin.17.orig,Shrub,Ambient,T2,117,3,s__,2571813,p__Bacteroidota,c__Bacteroidia,o__Sphingobacteriales,Sphingobacteriaceae,g__Pedobacter,18,6,60.34,0.862,0.452,Bacteria,6272,3753475,shrubAmbWet1,0.3333333333333333
shrubAmbWet1_bin.19.orig,Shrub,Ambient,T1,74,130,s__,3753475,p__Actinomycetota,c__Actinomycetes,o__Actinomycetales,Kineococcaceae,g__Kineococcus,16,41,55.51,1.724,0.72,Bacteria,7501,4430816,shrubAmbWet1,2.5625
shrubAmbWet1_bin.2.orig,Shrub,Ambient,T1,167,98,s__,2143021,p__Actinomycetota,c__Actinomycetes,o__Mycobacteriales,Micromonosporaceae,g__Actinoplanes,23,39,79.79,5.776,0.708,Actinomycetales,10011,7804833,shrubAmbWet1,1.6956521739130435
shrubAmbWet1_bin.20.strict,Shrub,Ambient,T1,35,99,s__,4430816,p__Pseudomonadota,c__Gammaproteobacteria,o__Enterobacterales,Enterobacteriaceae,g__Erwinia,9,69,90.13,2.921,0.541,Enterobacteriaceae,20824,4087809,shrubAmbWet1,7.666666666666667
shrubAmbWet1_bin.22.orig,Shrub,Ambient,T4,24,5,s__,4087809,p__Pseudomonadota,c__Alphaproteobacteria,o__Sphingomonadales,Sphingomonadaceae,g__Sphingomonas_I,10,4,58.8,1.724,0.661,Bacteria,3233,1759685,shrubAmbWet1,0.4
shrubAmbWet1_bin.3.orig,Shrub,Ambient,T2,90,25,s__,2938835,p__Pseudomonadota,c__Gammaproteobacteria,o__Burkholderiales,Burkholderiaceae,g__Telluria,22,22,65.67,1.724,0.657,Bacteria,6188,4892723,shrubAmbWet1,1
shrubAmbWet1_bin.4.permissive,Shrub,Ambient,T2,40,1,s__,1759685,p__Bacteroidota,c__Bacteroidia,o__Flavobacteriales,Weeksellaceae,g__Chryseobacterium,12,6,75.17,0.344,0.361,Bacteria,5105,2786109,shrubAmbWet1,0.5
shrubAmbWet1_bin.5.orig,Shrub,Ambient,T2,70,36,s__,4892723,p__Pseudomonadota,c__Gammaproteobacteria,o__Xanthomonadales,Rhodanobacteraceae,g__Luteibacter,13,26,73.27,0.862,0.646,Bacteria,22979,3832970,shrubAmbWet1,2
shrubAmbWet1_bin.7.orig,Shrub,Ambient,T2,30,45,s__,3832970,p__Actinomycetota,c__Actinomycetes,o__Actinomycetales,Microbacteriaceae,g__,9,26,63.23,0.505,0.704,Actinomycetales,10417,2223111,shrubAmbWet1,2.888888888888889
shrubAmbWet1_bin.8.orig,Grass,Reduced,T2,56,21,s__,2579225,p__Pseudomonadota,c__Gammaproteobacteria,o__Burkholderiales,Burkholderiaceae,g__Telluria,16,16,56.89,4.31,0.645,Bacteria,17597,5560098,shrubAmbWet1,1
shrubAmbWet1_bin.9.strict,Shrub,Ambient,T2,154,7,s__,2223111,p__Bacteroidota,c__Bacteroidia,o__Sphingobacteriales,Sphingobacteriaceae,g__Pedobacter,18,6,97.97,4.997,0.431,Bacteroidetes,90033,5204653,shrubAmbWet1,0.3333333333333333
shrubAmbWet2_bin.1.orig,Shrub,Ambient,T4,34,30,s__,5560098,p__Pseudomonadota,c__Alphaproteobacteria,o__Acetobacterales,Acetobacteraceae,g__,11,22,83.72,3.275,0.689,Rhodospirillales,10597,4648614,shrubAmbWet2,2
shrubAmbWet2_bin.10.strict,Shrub,Ambient,T4,112,7,s__,5204653,p__Bacteroidota,c__Bacteroidia,o__Flavobacteriales,Flavobacteriaceae,g__Flavobacterium,19,7,86.67,1.575,0.333,Flavobacteriaceae,9787,4632668,shrubAmbWet2,0.3684210526315789
shrubAmbWet2_bin.11.orig,Shrub,Ambient,T4,57,86,s__,4648614,p__Actinomycetota,c__Actinomycetes,o__Actinomycetales,Kineosporiaceae,g__,14,30,72.15,0.27,0.731,Actinomycetales,14489,4629282,shrubAmbWet2,2.142857142857143
shrubAmbWet2_bin.13.orig,Shrub,Ambient,T1,118,76,s__,4629282,p__Actinomycetota,c__Actinomycetes,o__Actinomycetales,Kineosporiaceae,g__Kineosporia,21,37,53.66,8.62,0.7,Bacteria,4850,8072687,shrubAmbWet2,1.7619047619047619
shrubAmbWet2_bin.15.orig,Grass,Ambient,T4,8,3,s__,8072687,p__Pseudomonadota,c__Alphaproteobacteria,o__Rhizobiales,Xanthobacteraceae,g__Tardiphaga,5,7,59.48,0,0.647,Bacteria,10138,2271496,shrubAmbWet2,1.4
shrubAmbWet2_bin.16.orig,Shrub,Ambient,T2,50,3,s__,2725842,p__Acidobacteriota,c__Terriglobia,o__Terriglobales,Acidobacteriaceae,g__Terriglobus,11,4,51.94,1.778,0.613,Bacteria,3376,2561233,shrubAmbWet2,0.36363636363636365
shrubAmbWet2_bin.17.strict,Shrub,Ambient,T4,83,7,s__,2271496,p__Acidobacteriota,c__Terriglobia,o__Terriglobales,Acidobacteriaceae,g__Terriglobus,16,6,87.48,3.965,0.607,Bacteria,50484,4271916,shrubAmbWet2,0.375
shrubAmbWet2_bin.18.strict,Shrub,Ambient,T4,155,7,s__,2561233,p__Bacteroidota,c__Bacteroidia,o__Sphingobacteriales,Sphingobacteriaceae,g__Mucilaginibacter_A,22,7,93.98,1.682,0.371,Bacteroidetes,29425,4262175,shrubAmbWet2,0.3181818181818182
shrubAmbWet2_bin.20.orig,Grass,Reduced,T3,24,9,s__,2162246,p__Pseudomonadota,c__Gammaproteobacteria,o__Burkholderiales,Burkholderiaceae,g__Pigmentiphaga,7,3,56.19,1.93,0.649,Proteobacteria,3347,3465516,shrubAmbWet2,0.42857142857142855
shrubAmbWet2_bin.22.orig,Shrub,Ambient,T4,96,4,s__,3465516,p__Bacteroidota,c__Bacteroidia,o__Sphingobacteriales,Sphingobacteriaceae,g__Mucilaginibacter,20,7,71.34,2.539,0.419,Bacteroidetes,6200,3051034,shrubAmbWet2,0.35
shrubAmbWet2_bin.24.strict,Shrub,Reduced,T1,182,3,s__,3051034,p__Chlamydiota,c__Chlamydiia,o__Chlamydiales,Parachlamydiaceae,g__,1,1,60.49,4.59,0.322,Bacteria,1774,2484996,shrubAmbWet2,1
shrubAmbWet2_bin.4.orig,Shrub,Ambient,T4,172,9,s__,2484996,p__Pseudomonadota,c__Gammaproteobacteria,o__Burkholderiales,Burkholderiaceae,g__CAIKUF01,6,12,53.57,0.991,0.681,Burkholderiales,2833,2769694,shrubAmbWet2,2
shrubAmbWet2_bin.5.orig,Shrub,Ambient,T4,53,12,s__,4413941,p__Bacteroidota,c__Bacteroidia,o__Sphingobacteriales,Sphingobacteriaceae,g__Mucilaginibacter,21,5,86.52,0,0.428,Bacteria,73211,4716456,shrubAmbWet2,0.23809523809523808
shrubAmbWet2_bin.7.orig,Shrub,Ambient,T1,36,12,s__,4716456,p__Pseudomonadota,c__Alphaproteobacteria,o__Sphingomonadales,Sphingomonadaceae,g__Sphingomonas_N,7,6,53.27,9.827,0.687,Bacteria,4334,2675740,shrubAmbWet2,0.8571428571428571
shrubAmbWet2_bin.8.orig,Shrub,Ambient,T3,180,108,s__Methylobacterium sp008000895,4836052,p__Pseudomonadota,c__Alphaproteobacteria,o__Rhizobiales,Beijerinckiaceae,g__Methylobacterium,8,17,77.35,9.122,0.697,Bacteria,17610,5510699,shrubAmbWet2,2.125
shrubAmbWet2_bin.9.orig,Shrub,Ambient,T1,60,56,s__,2675740,p__Actinomycetota,c__Actinomycetes,o__Mycobacteriales,Micromonosporaceae,g__Actinoplanes,25,44,83.29,2.763,0.708,Actinomycetales,19402,8627014,shrubAmbWet2,1.76
shrubRedDry1_bin.1.orig,Shrub,Reduced,T1,82,7,s__,5510699,p__Actinomycetota,c__Actinomycetes,o__Mycobacteriales,Jatrophihabitantaceae,g__Jatrophihabitans_A,15,25,95.7,2.453,0.706,Actinomycetales,100603,4789990,shrubRedDry1,1.6666666666666667
shrubRedDry1_bin.10.orig,Grass,Ambient,T4,48,76,s__,8627014,p__Pseudomonadota,c__Alphaproteobacteria,o__Sphingomonadales,Sphingomonadaceae,g__Sphingomonas,18,12,95.32,2.463,0.655,Sphingomonadales,14784,3535205,shrubRedDry1,0.6666666666666666
shrubRedDry1_bin.12.orig,Shrub,Reduced,T1,79,1,s__Erwinia_B gerundensis,4789990,p__Pseudomonadota,c__Gammaproteobacteria,o__Enterobacterales,Enterobacteriaceae,g__Duffyella,10,70,97.14,0.949,0.556,Enterobacteriaceae,65622,4068985,shrubRedDry1,7
shrubRedDry1_bin.2.strict,Shrub,Reduced,T1,18,20,s__,3535205,p__Bacteroidota,c__Bacteroidia,o__Sphingobacteriales,Sphingobacteriaceae,g__Mucilaginibacter_A,19,4,69.05,1.259,0.397,Bacteroidetes,2135,2383322,shrubRedDry1,0.21052631578947367
shrubRedDry1_bin.4.orig,Grass,Ambient,T3,49,46,s__Methylobacterium sp008000895,2383322,p__Pseudomonadota,c__Alphaproteobacteria,o__Rhizobiales,Beijerinckiaceae,g__Methylobacterium,9,16,74.03,3.508,0.697,Bacteria,17211,4619313,shrubRedDry1,1.7777777777777777
shrubRedDry1_bin.6.orig,Shrub,Reduced,T1,24,24,s__Pantoea agglomerans,4619313,p__Pseudomonadota,c__Gammaproteobacteria,o__Enterobacterales,Enterobacteriaceae,g__Pantoea,13,74,92.12,3.998,0.557,Enterobacteriaceae,22131,4362288,shrubRedDry1,5.6923076923076925
shrubRedDry1_bin.7.orig,Shrub,Reduced,T1,41,69,s__Erwinia sp003937915,4661602,p__Pseudomonadota,c__Gammaproteobacteria,o__Enterobacterales,Enterobacteriaceae,g__Erwinia,10,26,68.1,0,0.561,Bacteria,7276,2238817,shrubRedDry1,2.6
shrubRedDry1_bin.8.strict,Shrub,Reduced,T1,27,24,s__Pantoea sp018842675,4362288,p__Pseudomonadota,c__Gammaproteobacteria,o__Enterobacterales,Enterobacteriaceae,g__Pantoea,11,60,66.7,1.724,0.515,Bacteria,13944,4275930,shrubRedDry1,5.454545454545454
shrubRedDry1_bin.9.orig,Shrub,Reduced,T1,23,10,s__,2238817,p__Pseudomonadota,c__Gammaproteobacteria,o__Pseudomonadales,Pseudomonadaceae,g__Pseudomonas_E,3,26,52.1,3.508,0.61,Bacteria,20172,4110632,shrubRedDry1,8.666666666666666
shrubRedDry2_bin.1.orig,Shrub,Reduced,T3,55,35,s__,4275930,p__Pseudomonadota,c__Alphaproteobacteria,o__Caulobacterales,Caulobacteraceae,g__Brevundimonas,10,10,73.45,4.112,0.677,Alphaproteobacteria,4156,2050298,shrubRedDry2,1
shrubRedDry2_bin.11.orig,Shrub,Ambient,T1,71,68,s__,2050298,p__Actinomycetota,c__Actinomycetes,o__Actinomycetales,Microbacteriaceae,g__Amnibacterium,8,20,58.77,4.385,0.731,Bacteria,5563,2309632,shrubRedDry2,2.5
shrubRedDry2_bin.12.orig,Shrub,Reduced,T3,108,6,s__,2370655,p__Actinomycetota,c__Actinomycetes,o__Mycobacteriales,Micromonosporaceae,g__Actinoplanes,18,31,50.59,9.724,0.715,Actinomycetales,2711,3982139,shrubRedDry2,1.7222222222222223
shrubRedDry2_bin.13.orig,Shrub,Ambient,T3,83,5,s__,2309632,p__Bacteroidota,c__Bacteroidia,o__Sphingobacteriales,Sphingobacteriaceae,g__Pedobacter,19,6,54.31,0,0.461,Bacteria,9516,3495219,shrubRedDry2,0.3157894736842105
shrubRedDry2_bin.14.strict,Grass,Reduced,T3,72,4,s__,3982139,p__Bacteroidota,c__Bacteroidia,o__Sphingobacteriales,Sphingobacteriaceae,g__Pedobacter,17,6,62.93,5.172,0.432,Bacteria,18994,3316355,shrubRedDry2,0.35294117647058826
shrubRedDry2_bin.15.orig,Grass,Ambient,T4,54,102,s__,3495219,p__Pseudomonadota,c__Alphaproteobacteria,o__Sphingomonadales,Sphingomonadaceae,g__Sphingomonas,17,9,83.27,4.351,0.661,Sphingomonadales,25108,3211172,shrubRedDry2,0.5294117647058824
shrubRedDry2_bin.16.orig,Shrub,Reduced,T3,53,0,s__,3316355,p__Actinomycetota,c__Actinomycetes,o__Actinomycetales,Kineococcaceae,g__Kineococcus,16,36,62.35,0,0.745,Bacteria,13923,4096464,shrubRedDry2,2.25
shrubRedDry2_bin.18.strict,Grass,Reduced,T4,72,86,s__,4096464,p__Bacteroidota,c__Bacteroidia,o__Cytophagales,Spirosomataceae,g__Dyadobacter,15,6,59.48,1.724,0.448,Bacteria,4047,3962271,shrubRedDry2,0.4
shrubRedDry2_bin.19.orig,Shrub,Reduced,T3,65,2,s__,2251477,p__Actinomycetota,c__Actinomycetes,o__Propionibacteriales,Propionibacteriaceae,g__Friedmanniella,16,29,91.2,4.749,0.735,Actinomycetales,35718,4319254,shrubRedDry2,1.8125
shrubRedDry2_bin.2.orig,Grass,Reduced,T4,26,22,s__Sphingomonas phyllosphaerae_B,3962271,p__Pseudomonadota,c__Alphaproteobacteria,o__Sphingomonadales,Sphingomonadaceae,g__Sphingomonas,13,13,62.17,0,0.681,Bacteria,14195,2463833,shrubRedDry2,1
shrubRedDry2_bin.20.orig,Shrub,Reduced,T3,29,27,s__,4319254,p__Pseudomonadota,c__Gammaproteobacteria,o__Pseudomonadales,Pseudomonadaceae,g__Pseudomonas_E,7,24,59.45,3.793,0.602,Bacteria,20295,5200122,shrubRedDry2,3.4285714285714284
shrubRedDry2_bin.21.orig,Shrub,Reduced,T3,43,35,s__,2463833,p__Pseudomonadota,c__Alphaproteobacteria,o__Acetobacterales,Acetobacteraceae,g__Pseudoroseomonas,11,17,76.3,3.448,0.683,Bacteria,6295,4664305,shrubRedDry2,1.5454545454545454
shrubRedDry2_bin.22.orig,Grass,Reduced,T3,55,89,s__,5200122,p__Pseudomonadota,c__Alphaproteobacteria,o__Acetobacterales,Acetobacteraceae,g__Pseudoroseomonas,9,14,54.65,7.758,0.706,Bacteria,2428,5296651,shrubRedDry2,1.5555555555555556
shrubRedDry2_bin.23.orig,Shrub,Reduced,T3,119,27,s__Microbacterium sp001889265,4664305,p__Actinomycetota,c__Actinomycetes,o__Actinomycetales,Microbacteriaceae,g__Microbacterium,14,35,81.37,0.505,0.683,Actinomycetales,29117,3005037,shrubRedDry2,2.5
shrubRedDry2_bin.24.orig,Shrub,Reduced,T3,41,24,s__,5296651,p__Armatimonadota,c__Fimbriimonadia,o__Fimbriimonadales,Fimbriimonadaceae,g__Fimbriimonas,25,11,65.29,3.086,0.649,Bacteria,2227,3493287,shrubRedDry2,0.44
shrubRedDry2_bin.25.orig,Shrub,Reduced,T2,16,42,s__,3005037,p__Actinomycetota,c__Actinomycetes,o__Actinomycetales,Microbacteriaceae,g__Okibacterium,11,21,53.84,8.771,0.683,Bacteria,3334,2661234,shrubRedDry2,1.9090909090909092
shrubRedDry2_bin.26.orig,Shrub,Reduced,T2,31,14,s__,3493287,p__Pseudomonadota,c__Gammaproteobacteria,o__Pseudomonadales,Pseudomonadaceae,g__Pseudomonas_E,6,33,52.63,1.754,0.623,Bacteria,6735,3419002,shrubRedDry2,5.5
shrubRedDry2_bin.27.orig,Grass,Ambient,T3,29,2,s__Methylobacterium sp008000895,2661234,p__Pseudomonadota,c__Alphaproteobacteria,o__Rhizobiales,Beijerinckiaceae,g__Methylobacterium,9,16,90.67,2.309,0.697,Rhizobiales,22849,4947683,shrubRedDry2,1.7777777777777777
shrubRedDry2_bin.3.orig,Grass,Reduced,T3,33,59,s__,3419002,p__Bacteroidota,c__Bacteroidia,o__Sphingobacteriales,Sphingobacteriaceae,g__Pedobacter,10,1,52.34,9.106,0.436,Bacteroidetes,12952,1655846,shrubRedDry2,0.1
shrubRedDry2_bin.4.strict,Shrub,Reduced,T1,26,37,s__Pantoea sp018842675,4947683,p__Pseudomonadota,c__Gammaproteobacteria,o__Enterobacterales,Enterobacteriaceae,g__Pantoea,9,53,85.24,2.557,0.52,Enterobacteriaceae,8231,3472961,shrubRedDry2,5.888888888888889
shrubRedDry2_bin.5.orig,Shrub,Reduced,T2,103,11,s__,1655846,p__Pseudomonadota,c__Alphaproteobacteria,o__Rhodobacterales,Rhodobacteraceae,g__Falsirhodobacter,7,23,63.43,1.724,0.66,Bacteria,3511,2183966,shrubRedDry2,3.2857142857142856
shrubRedDry2_bin.6.orig,Grass,Reduced,T3,76,82,s__,3472961,p__Pseudomonadota,c__Alphaproteobacteria,o__Sphingomonadales,Sphingomonadaceae,g__Croceibacterium,16,13,53.79,0,0.68,Bacteria,4414,2532460,shrubRedDry2,0.8125
shrubRedDry2_bin.8.orig,Shrub,Reduced,T3,28,48,s__,2183966,p__Actinomycetota,c__Actinomycetes,o__Mycobacteriales,Jatrophihabitantaceae,g__Jatrophihabitans_A,18,27,96.45,2.024,0.678,Actinomycetales,235410,4672448,shrubRedDry2,1.5
shrubRedDry2_bin.9.orig,Shrub,Reduced,T3,62,0,s__,2532460,p__Actinomycetota,c__Actinomycetes,o__Actinomycetales,Microbacteriaceae,g__JAFIQW01,7,32,66.3,8.434,0.718,Actinomycetales,11732,2105008,shrubRedDry2,4.571428571428571
shrubRedWet1_bin.10.orig,Grass,Reduced,T4,46,73,s__,2105008,p__Pseudomonadota,c__Alphaproteobacteria,o__Sphingomonadales,Sphingomonadaceae,g__Sphingomonas,17,14,60.83,2.586,0.672,Bacteria,16366,3027393,shrubRedWet1,0.8235294117647058
shrubRedWet1_bin.11.strict,Shrub,Reduced,T2,38,102,s__Pantoea agglomerans,2225730,p__Pseudomonadota,c__Gammaproteobacteria,o__Enterobacterales,Enterobacteriaceae,g__Pantoea,11,73,68.43,0,0.56,Bacteria,19968,4263164,shrubRedWet1,6.636363636363637
shrubRedWet1_bin.13.strict,Shrub,Reduced,T1,74,117,s__Pantoea sp018842675,3027393,p__Pseudomonadota,c__Gammaproteobacteria,o__Enterobacterales,Enterobacteriaceae,g__Pantoea,10,66,96.78,2.131,0.516,Enterobacteriaceae,39138,4379803,shrubRedWet1,6.6
shrubRedWet1_bin.16.orig,Shrub,Reduced,T2,38,41,s__,4263164,p__Actinomycetota,c__Actinomycetes,o__Actinomycetales,Kineococcaceae,g__Kineococcus,17,32,73.56,0,0.73,Bacteria,17982,4432414,shrubRedWet1,1.8823529411764706
shrubRedWet1_bin.17.orig,Shrub,Reduced,T2,46,43,s__,4379803,p__Actinomycetota,c__Actinomycetes,o__Actinomycetales,Microbacteriaceae,g__Frigoribacterium,14,20,50,1.754,0.733,Bacteria,10846,2025520,shrubRedWet1,1.4285714285714286
shrubRedWet1_bin.18.orig,Grass,Reduced,T1,37,11,s__,4432414,p__Actinomycetota,c__Actinomycetes,o__Actinomycetales,Microbacteriaceae,g__Frigoribacterium,13,22,52.74,7.368,0.743,Bacteria,3741,2864137,shrubRedWet1,1.6923076923076923
shrubRedWet1_bin.19.orig,Grass,Ambient,T4,32,9,s__,2025520,p__Pseudomonadota,c__Alphaproteobacteria,o__Sphingomonadales,Sphingomonadaceae,g__Sphingomonas,12,15,50.5,8.59,0.666,Sphingomonadales,3715,2334262,shrubRedWet1,1.25
shrubRedWet1_bin.2.orig,Grass,Ambient,T3,33,77,s__Methylobacterium sp008000895,2864137,p__Pseudomonadota,c__Alphaproteobacteria,o__Rhizobiales,Beijerinckiaceae,g__Methylobacterium,8,15,91.07,4.137,0.699,Rhizobiales,22626,4624584,shrubRedWet1,1.875
shrubRedWet1_bin.20.strict,Shrub,Ambient,T1,24,33,s__,2334262,p__Pseudomonadota,c__Gammaproteobacteria,o__Enterobacterales,Enterobacteriaceae,g__Erwinia,9,57,82.5,1.819,0.549,Enterobacteriaceae,25553,3662444,shrubRedWet1,6.333333333333333
shrubRedWet1_bin.21.orig,Shrub,Reduced,T2,49,50,s__,4624584,p__Pseudomonadota,c__Alphaproteobacteria,o__Rhodobacterales,Rhodobacteraceae,g__Falsirhodobacter,7,21,52.93,0.862,0.661,Bacteria,3908,1792677,shrubRedWet1,3
shrubRedWet1_bin.23.orig,Shrub,Reduced,T2,59,12,s__,3662444,p__Actinomycetota,c__Actinomycetes,o__Actinomycetales,Microbacteriaceae,g__Okibacterium,12,33,54.6,1.754,0.681,Bacteria,13723,2708358,shrubRedWet1,2.75
shrubRedWet1_bin.24.orig,Shrub,Reduced,T2,183,108,s__,1792677,p__Pseudomonadota,c__Gammaproteobacteria,o__Burkholderiales,Burkholderiaceae,g__Telluria,17,12,53.76,1.724,0.654,Bacteria,10882,4181808,shrubRedWet1,0.7058823529411765
shrubRedWet1_bin.25.orig,Shrub,Ambient,T1,43,38,s__,2708358,p__Actinomycetota,c__Actinomycetes,o__Mycobacteriales,Micromonosporaceae,g__Actinoplanes,25,40,84.62,6.294,0.708,Actinomycetales,17736,8737686,shrubRedWet1,1.6
shrubRedWet1_bin.26.orig,Grass,Reduced,T1,87,5,s__,4181808,p__Actinomycetota,c__Actinomycetes,o__Actinomycetales,Microbacteriaceae,g__Arenivirga,15,32,60.31,0,0.726,Bacteria,7667,2012225,shrubRedWet1,2.1333333333333333
shrubRedWet1_bin.29.orig,Shrub,Reduced,T2,95,9,s__,2012225,p__Actinomycetota,c__Actinomycetes,o__Actinomycetales,Microbacteriaceae,g__Clavibacter,13,24,58.83,1.754,0.74,Bacteria,6433,2888015,shrubRedWet1,1.8461538461538463
shrubRedWet1_bin.30.permissive,Shrub,Ambient,T1,36,2,s__,2194982,p__Acidobacteriota,c__Terriglobia,o__Terriglobales,Acidobacteriaceae,g__Granulicella,22,9,62.28,4.621,0.62,Bacteria,4345,3344971,shrubRedWet1,0.4090909090909091
shrubRedWet1_bin.31.strict,Grass,Reduced,T2,36,43,s__Chryseobacterium sp001421435,2888015,p__Bacteroidota,c__Bacteroidia,o__Flavobacteriales,Weeksellaceae,g__Chryseobacterium,11,4,52.65,0,0.4,Flavobacteriales,1821,2117471,shrubRedWet1,0.36363636363636365
shrubRedWet1_bin.32.orig,Shrub,Reduced,T2,99,5,s__,3344971,p__Actinomycetota,c__Actinomycetes,o__Mycobacteriales,Mycobacteriaceae,g__Mycobacterium,12,13,62.96,4.269,0.673,Actinomycetales,2734,3965385,shrubRedWet1,1.0833333333333333
shrubRedWet1_bin.4.orig,Grass,Reduced,T3,13,17,s__,2117471,p__Pseudomonadota,c__Alphaproteobacteria,o__Sphingomonadales,Sphingomonadaceae,g__Croceibacterium,13,9,50,2.586,0.68,Bacteria,3776,2548061,shrubRedWet1,0.6923076923076923
shrubRedWet1_bin.5.permissive,Shrub,Reduced,T2,29,27,s__,3965385,p__Cyanobacteriota,c__Cyanobacteriia,o__Cyanobacteriales,Microcoleaceae,g__Microcoleus,7,10,55.41,1.21,0.462,Cyanobacteria,2110,3779530,shrubRedWet1,1.4285714285714286
shrubRedWet1_bin.6.orig,Shrub,Reduced,T2,39,66,s__,2548061,p__Pseudomonadota,c__Gammaproteobacteria,o__Burkholderiales,Burkholderiaceae,g__Telluria,11,17,58.62,0,0.635,Bacteria,21100,2999002,shrubRedWet1,1.5454545454545454
shrubRedWet1_bin.7.orig,Shrub,Reduced,T2,52,54,s__Frigoribacterium sp003751785,3779530,p__Actinomycetota,c__Actinomycetes,o__Actinomycetales,Microbacteriaceae,g__Frigoribacterium,15,33,63.5,2.631,0.737,Bacteria,11225,2745811,shrubRedWet1,2.2
shrubRedWet1_bin.8.orig,Shrub,Reduced,T2,37,35,s__,2999002,p__Actinomycetota,c__Actinomycetes,o__Actinomycetales,Microbacteriaceae,g__Okibacterium,14,28,81.3,4.278,0.677,Actinomycetales,16865,2874635,shrubRedWet1,2
shrubRedWet1_bin.9.orig,Grass,Ambient,T2,71,5,s__Neorhizobium soli,2745811,p__Pseudomonadota,c__Alphaproteobacteria,o__Rhizobiales,Rhizobiaceae,g__Neorhizobium,9,24,56.03,1.724,0.607,Bacteria,3447,2676942,shrubRedWet1,2.6666666666666665
shrubRedWet2_bin.1.strict,Shrub,Reduced,T4,23,43,s__,2874635,p__Bacteroidota,c__Bacteroidia,o__Cytophagales,Spirosomataceae,g__Dyadobacter,13,5,68.94,1.724,0.412,Bacteria,9802,3963486,shrubRedWet2,0.38461538461538464
shrubRedWet2_bin.10.orig,Shrub,Ambient,T3,54,86,s__,2676942,p__Pseudomonadota,c__Alphaproteobacteria,o__Rhizobiales,Rhizobiaceae,g__Neorhizobium,5,27,55.79,1.047,0.607,Rhizobiaceae,4249,2101096,shrubRedWet2,5.4
shrubRedWet2_bin.13.orig,Shrub,Reduced,T3,78,4,s__,3963486,p__Actinomycetota,c__Actinomycetes,o__Actinomycetales,Kineococcaceae,g__Kineococcus,14,31,54.31,1.724,0.747,Bacteria,11792,4492867,shrubRedWet2,2.2142857142857144
shrubRedWet2_bin.14.strict,Shrub,Reduced,T4,36,3,s__,2101096,p__Bacteroidota,c__Bacteroidia,o__Sphingobacteriales,Sphingobacteriaceae,g__Mucilaginibacter_A,17,7,56.89,3.448,0.369,Bacteria,3542,2450226,shrubRedWet2,0.4117647058823529
shrubRedWet2_bin.15.strict,Grass,Reduced,T2,47,6,s__Chryseobacterium sp001421435,4492867,p__Bacteroidota,c__Bacteroidia,o__Flavobacteriales,Weeksellaceae,g__Chryseobacterium,14,5,86.27,0.49,0.401,Flavobacteriales,21549,3086872,shrubRedWet2,0.35714285714285715
shrubRedWet2_bin.17.orig,Grass,Ambient,T3,98,2,s__Methylobacterium sp008000895,3086872,p__Pseudomonadota,c__Alphaproteobacteria,o__Rhizobiales,Beijerinckiaceae,g__Methylobacterium,8,16,86.2,1.044,0.7,Rhizobiales,24107,4471365,shrubRedWet2,2
shrubRedWet2_bin.18.orig,Shrub,Reduced,T4,50,4,s__,2993374,p__Pseudomonadota,c__Alphaproteobacteria,o__Sphingomonadales,Sphingomonadaceae,g__Sphingomonas,17,8,50.14,8.777,0.662,Bacteria,4258,2987220,shrubRedWet2,0.47058823529411764
shrubRedWet2_bin.2.orig,Shrub,Reduced,T4,26,18,s__,2987220,p__Actinomycetota,c__Actinomycetes,o__Actinomycetales,Microbacteriaceae,g__Naasia,9,23,60.31,1.754,0.696,Bacteria,15292,2400289,shrubRedWet2,2.5555555555555554
shrubRedWet2_bin.21.strict,Shrub,Reduced,T4,56,24,s__,2400289,p__Bacteroidota,c__Bacteroidia,o__Sphingobacteriales,Sphingobacteriaceae,g__Pedobacter,16,3,55.98,1.724,0.431,Bacteria,6910,3620560,shrubRedWet2,0.1875
shrubRedWet2_bin.23.orig,Shrub,Reduced,T4,57,17,s__,3620560,p__Armatimonadota,c__Abditibacteriia,o__Abditibacteriales,Abditibacteriaceae,g__Abditibacterium,23,6,50.79,1.954,0.549,Bacteria,1831,3155025,shrubRedWet2,0.2608695652173913
shrubRedWet2_bin.24.orig,Grass,Reduced,T2,69,2,s__,3079441,p__Pseudomonadota,c__Gammaproteobacteria,o__Burkholderiales,Burkholderiaceae,g__Telluria,16,14,55.51,3.448,0.647,Bacteria,16020,5153688,shrubRedWet2,0.875
shrubRedWet2_bin.26.strict,Shrub,Reduced,T3,92,7,s__,5153688,p__Bacteroidota,c__Bacteroidia,o__Sphingobacteriales,Sphingobacteriaceae,g__Pedobacter,18,6,89.42,2.36,0.465,Bacteroidetes,14964,3701067,shrubRedWet2,0.3333333333333333
shrubRedWet2_bin.27.orig,Shrub,Reduced,T4,31,34,s__,2275870,p__Bacteroidota,c__Bacteroidia,o__Sphingobacteriales,Sphingobacteriaceae,g__Mucilaginibacter,19,7,64.38,4.089,0.418,Bacteroidetes,8168,3018080,shrubRedWet2,0.3684210526315789
shrubRedWet2_bin.28.orig,Grass,Ambient,T4,12,10,s__,3701067,p__Actinomycetota,c__Actinomycetes,o__Actinomycetales,Microbacteriaceae,g__Amnibacterium,11,19,51.91,0,0.74,Bacteria,5165,2223363,shrubRedWet2,1.7272727272727273
shrubRedWet2_bin.3.orig,Shrub,Reduced,T1,4,0,s__Pantoea agglomerans,2223363,p__Pseudomonadota,c__Gammaproteobacteria,o__Enterobacterales,Enterobacteriaceae,g__Pantoea,11,73,68.05,1.724,0.557,Bacteria,8761,4193519,shrubRedWet2,6.636363636363637
shrubRedWet2_bin.31.orig,Shrub,Reduced,T4,33,53,s__,4193519,p__Pseudomonadota,c__Alphaproteobacteria,o__Caulobacterales,Caulobacteraceae,g__Brevundimonas,9,7,52.74,8.598,0.684,Alphaproteobacteria,2751,1983015,shrubRedWet2,0.7777777777777778
shrubRedWet2_bin.32.orig,Shrub,Reduced,T3,61,107,s__,557304,p__Actinomycetota,c__Actinomycetes,o__Actinomycetales,Microbacteriaceae,g__Microbacterium,13,33,88.81,2.053,0.692,Actinomycetales,24648,2761544,shrubRedWet2,2.5384615384615383
shrubRedWet2_bin.33.orig,Shrub,Reduced,T4,92,7,s__,1983015,p__Actinomycetota,c__Actinomycetes,o__Actinomycetales,Microbacteriaceae,g__Microbacterium,13,35,66.66,3.508,0.682,Bacteria,17830,3959475,shrubRedWet2,2.6923076923076925
shrubRedWet2_bin.34.strict,Grass,Reduced,T3,96,5,s__,2761544,p__Bacteroidota,c__Bacteroidia,o__Sphingobacteriales,Sphingobacteriaceae,g__Pedobacter,15,6,81.74,2.089,0.431,Bacteroidetes,27658,3581057,shrubRedWet2,0.4
shrubRedWet2_bin.35.orig,Grass,Ambient,T4,91,3,s__,3959475,p__Bacteroidota,c__Bacteroidia,o__Cytophagales,Hymenobacteraceae,g__Hymenobacter,19,6,72.24,1.724,0.592,Bacteria,17528,5645144,shrubRedWet2,0.3157894736842105
shrubRedWet2_bin.36.strict,Shrub,Reduced,T4,151,3,s__,3581057,p__Bacteroidota,c__Bacteroidia,o__Chitinophagales,Chitinophagaceae,g__Terrimonas_A,15,4,60.79,0.302,0.497,Bacteroidetes,2839,3275569,shrubRedWet2,0.26666666666666666
shrubRedWet2_bin.37.orig,Shrub,Reduced,T4,9,0,s__,5645144,p__Bacteroidota,c__Bacteroidia,o__Sphingobacteriales,Sphingobacteriaceae,g__Pedobacter,19,7,93.65,2.551,0.414,Bacteroidetes,23257,4726296,shrubRedWet2,0.3684210526315789
shrubRedWet2_bin.4.orig,Grass,Ambient,T4,90,29,s__,4726296,p__Pseudomonadota,c__Alphaproteobacteria,o__Rhizobiales,Xanthobacteraceae,g__Tardiphaga,7,10,93.88,1.115,0.644,Bradyrhizobiaceae,24335,4294927,shrubRedWet2,1.4285714285714286
shrubRedWet2_bin.6.orig,Grass,Ambient,T4,61,7,s__,4294927,p__Pseudomonadota,c__Alphaproteobacteria,o__Rhizobiales,Beijerinckiaceae,g__,6,13,62.41,0,0.68,Bacteria,11698,2890184,shrubRedWet2,2.1666666666666665
shrubRedWet2_bin.7.orig,Grass,Ambient,T4,110,14,s__,4587134,p__Pseudomonadota,c__Alphaproteobacteria,o__Sphingomonadales,Sphingomonadaceae,g__Sphingomonas,17,10,81.2,2.324,0.657,Sphingomonadales,28328,2568116,shrubRedWet2,0.5882352941176471
shrubRedWet2_bin.8.orig,Grass,Reduced,T3,79,9,s__,2890184,p__Pseudomonadota,c__Alphaproteobacteria,o__Sphingomonadales,Sphingomonadaceae,g__Croceibacterium,15,16,89.36,2.469,0.676,Sphingomonadales,29362,3104275,shrubRedWet2,1.0666666666666667
shrubRedWet2_bin.9.orig,Grass,Reduced,T4,NA,NA,s__Sphingomonas phyllosphaerae_B,2568116,p__Pseudomonadota,c__Alphaproteobacteria,o__Sphingomonadales,Sphingomonadaceae,g__Sphingomonas,15,15,86.62,5.407,0.681,Sphingomonadales,18825,3123587,shrubRedWet2,1
